h1_cohens_d,h1_correlation,h1_pvalue,h4_correlation,h4_pvalue,replicate
,0.18456605412637792,5.348027666585142e-06,0.29329784963704386,2.281796938763059e-13,1
,0.18159482105294283,7.600493000100737e-06,0.2883130800296868,5.980060395752366e-13,2
,0.1700253458531808,2.831778866623595e-05,0.2857454917588687,9.75053990240864e-13,3
,0.16868338801652655,3.2805585352715784e-05,0.292787701822406,2.5204516559337837e-13,4
,0.17966165716566584,9.524602482599984e-06,0.31063892939752,6.880746207893162e-15,5
,0.1938122146245264,1.7275442749679497e-06,0.3123440272519722,4.8147671399685565e-15,6
,0.189103085490178,3.0929056569481338e-06,0.32195115504435934,6.166079670933754e-16,7
,0.15635090558668452,0.00012031304920984141,0.278908045871215,3.498749502551322e-12,8
,0.15341983801007303,0.00016160503066009693,0.2548092194619088,2.399029501571451e-10,9
,0.1859054441349552,4.555968310300343e-06,0.3021495419455772,3.933717083377551e-14,10
,0.18466926895839852,5.28259032987201e-06,0.28812849689195985,6.195007677573324e-13,11
,0.17473561653367348,1.6746659784227644e-05,0.2863970338576447,8.616991537876014e-13,12
,0.18223320272721627,7.051004783321539e-06,0.3170650029198355,1.7700881866484602e-15,13
,0.19280648051161067,1.9587200008428818e-06,0.313103701632683,4.103622647201062e-15,14
,0.18883590606974046,3.1954433457100414e-06,0.3306406961833055,9.00851982449749e-17,15
,0.15037649029717692,0.00021831955700838697,0.2779424226766095,4.178795012484251e-12,16
,0.19324908458706927,1.8535488564333832e-06,0.3142340346475664,3.2323918548131343e-15,17
,0.19260691687620016,2.0079888523106263e-06,0.3251341785205084,3.0699621068489826e-16,18
,0.20793679735785703,2.76139280344814e-07,0.3271567793459794,1.962484910922354e-16,19
,0.1826824649590411,6.687250229739595e-06,0.28768813201252086,6.73883214638042e-13,20
,0.18148586296780322,7.698268301338178e-06,0.2915687693510795,3.1941254946073883e-13,21
,0.17717973052250657,1.2681238950434263e-05,0.2961293951061974,1.3089166048208584e-13,22
,0.20368603598295348,4.861332622610538e-07,0.34036009180796944,9.72981942109329e-18,23
,0.17823661494844917,1.1231343906581936e-05,0.30509567532732224,2.161854681693002e-14,24
,0.18781245807356478,3.6191317139760394e-06,0.32931976047216605,1.2116488580510783e-16,25
,0.1562167689413852,0.00012196267255937047,0.26345498327059447,5.5264589940535135e-11,26
,0.1922311827212183,2.103992075836883e-06,0.28679397682609586,7.990753647854329e-13,27
,0.1478897796295669,0.00027798337222787665,0.2515092090469173,4.142462388964034e-10,28
,0.20063388104361854,7.243258984731685e-07,0.33102312068990547,8.265510611932652e-17,29
,0.1705359980828166,2.6768215350209868e-05,0.2836952421828838,1.4355435768939728e-12,30
,0.17712385850629597,1.276264530140032e-05,0.30521803018003857,2.108461227927277e-14,31
,0.1610095254102597,7.446076799260464e-05,0.2504035195470071,4.965794517664875e-10,32
,0.19963242875448545,8.244760933762515e-07,0.31877015140136367,1.2277805539235783e-15,33
,0.18498558027081652,5.086780548060837e-06,0.3164132540641543,2.034472994453444e-15,34
,0.19324985536764272,1.853370515229737e-06,0.3196757187704803,1.0100245939605753e-15,35
,0.19678399817702097,1.18739889261807e-06,0.3234935881995227,4.4023959188795034e-16,36
,0.19322220899261167,1.8597775566757356e-06,0.30440564439047635,2.4887533379564057e-14,37
,0.19289211084560204,1.9379364056066348e-06,0.32916045490556683,1.2556210223156363e-16,38
,0.17221889331114124,2.2211254771064574e-05,0.28074442773013125,2.4910369789095954e-12,39
,0.19435124446455615,1.614652919946881e-06,0.32827635425121565,1.5297236018313728e-16,40
,0.17122857521026602,2.479471546662344e-05,0.2658560941293394,3.6409097198788984e-11,41
,0.20794785759764428,2.757289164630192e-07,0.3377807222459087,1.7699560275794236e-17,42
,0.22323789320125448,3.263469877535957e-08,0.37208249948659955,3.872005680165136e-21,43
,0.20001270920878544,7.84971972503979e-07,0.30657266132932504,1.5972754439281332e-14,44
,0.17075038282189042,2.6141937511258244e-05,0.2835528644128339,1.4744533141862272e-12,45
,0.21147157449743142,1.7096843780184593e-07,0.3231589947844554,4.736975376297754e-16,46
,0.18409699527402523,5.655284468948679e-06,0.27594099360048474,6.02523309746762e-12,47
,0.18856834873595504,3.301380692410847e-06,0.3154338071395348,2.5062708764759255e-15,48
,0.21122348095661528,1.7686721795849627e-07,0.34044401255911105,9.541337260562269e-18,49
,0.18148622815906995,7.697938596405275e-06,0.29826675088797516,8.569251861561741e-14,50
,0.19695044733904055,1.162525876656702e-06,0.3098346428061227,8.136330998812389e-15,51
,0.15298718094905997,0.00016872391238179592,0.2776248009007302,4.429534813237843e-12,52
,0.19902704605743948,8.913323155547211e-07,0.3208439731986461,7.843719257776799e-16,53
,0.18470253610993015,5.261662689183268e-06,0.29135148868230565,3.3314850059865373e-13,54
,0.2190187499929795,5.973576110145794e-08,0.3396526828055363,1.1471363222121816e-17,55
,0.22008483230671905,5.1331750394735094e-08,0.358170241195832,1.3377515365921485e-19,56
,0.1704237375893683,2.7101810946485474e-05,0.30548116866229025,1.997978118184491e-14,57
,0.1566013439259497,0.00011728915450896231,0.26002930779983696,9.95118021966301e-11,58
,0.2206796644758845,4.715203934829326e-08,0.36012002928442444,8.227757591142506e-20,59
,0.154500780341049,0.00014503190606775197,0.26207424205403534,7.012009647580925e-11,60
,0.19768088502432835,1.0591643309396163e-06,0.3335394168424435,4.6770920172314087e-17,61
,0.18569812371151712,4.670770497821754e-06,0.30254572863541285,3.630896501154399e-14,62
,0.19304977121063766,1.9002216746734904e-06,0.29860791610662885,8.006370556984366e-14,63
,0.1857342106536166,4.650590901911483e-06,0.31253249285589313,4.627801336309783e-15,64
,0.17202237489494487,2.270267369694813e-05,0.2919002058603853,2.995220357071625e-13,65
,0.17496942599048326,1.6309710371145644e-05,0.27303554831212395,1.0194898380544836e-11,66
,0.1693661568747361,3.0444118499770755e-05,0.28932973866100237,4.920779169269291e-13,67
,0.1813842790936483,7.790505859723742e-06,0.2926206849779255,2.603773549469206e-13,68
,0.1611188111040821,7.361550015407354e-05,0.2800271966025589,2.8453256837180405e-12,69
,0.17463289739817034,1.6942122226102782e-05,0.28853863888810294,5.727294563303161e-13,70
,0.19933808399203806,8.563572920737338e-07,0.3102908684897906,7.398856833902477e-15,71
,0.16393358859448992,5.4721481358555094e-05,0.2775471567772563,4.493032736149641e-12,72
,0.19483864116144373,1.5186933153750164e-06,0.32276981367168467,5.157667535483164e-16,73
,0.1993172759966152,8.586553220376445e-07,0.3137580661089283,3.574546272573592e-15,74
,0.17679819053617835,1.324713621380238e-05,0.2982865275964508,8.535589064447618e-14,75
,0.17757054976211736,1.2125475237096781e-05,0.3117053340991093,5.505226195234572e-15,76
,0.15814846108557995,0.00010013681313709415,0.25832783471585985,1.3285350235775714e-10,77
,0.21790084622340927,6.997231465703145e-08,0.35726502084885164,1.6744977873348396e-19,78
,0.18512950794082153,4.99999644204621e-06,0.2906919712680444,3.7848227848082637e-13,79
,0.19131387569734754,2.3571943023965765e-06,0.3207371435410481,8.027557486860999e-16,80
,0.1826883945661993,6.682571108064923e-06,0.29413406236603273,1.9376510556101317e-13,81
,0.2193450039287567,5.703193982165332e-08,0.35388790616024834,3.8451059807794003e-19,82
,0.16910322360926583,3.13337719156755e-05,0.27133937035957634,1.3818918099546551e-11,83
,0.19684277547831197,1.1785578448292484e-06,0.29523232786263626,1.561957451915151e-13,84
,0.15970506233497936,8.52831198430067e-05,0.26674507428527006,3.116353524038905e-11,85
,0.15874219598143519,9.420476084582384e-05,0.2738665932420047,8.776635694783519e-12,86
,0.19818946381987135,9.92470515926219e-07,0.2950543186386989,1.6175901127303457e-13,87
,0.21842393801669754,6.498742271622351e-08,0.33284144824463635,5.480234518196877e-17,88
,0.19722055659500615,1.1232234156894563e-06,0.3224756520911508,5.499814618664015e-16,89
,0.1736576011712914,1.8909236432538923e-05,0.30555644001877913,1.967432957128271e-14,90
,0.19348982763009528,1.798638746359662e-06,0.3086508451465805,1.0403151548482739e-14,91
,0.20471102123327584,4.246207069651525e-07,0.31060645796192415,6.927535009876857e-15,92
,0.1748082039787891,1.6609829149250198e-05,0.3040373671259205,2.6825930629612057e-14,93
,0.20270830622398345,5.527399346702056e-07,0.32829599165784284,1.5230397982017093e-16,94
,0.1874891330811428,3.7637977337566334e-06,0.2902001183784976,4.1617258513851654e-13,95
,0.19739052540852148,1.0991491790726735e-06,0.3327562247316944,5.587152838563139e-17,96
,0.1823147802141059,6.983581014786876e-06,0.2972062975970001,1.0578185434716708e-13,97
,0.16422399283305564,5.305750433967918e-05,0.27518301349084107,6.915500138384846e-12,98
,0.1792911760059595,9.942858481239878e-06,0.2893413481968321,4.909813680877257e-13,99
,0.15179562385164938,0.0001898806033274766,0.26109038531185313,8.301410163957783e-11,100
,0.2064185996784273,3.384162514549541e-07,0.32654733456234997,2.2465376919971183e-16,101
,0.23144638748745,9.723158252909486e-09,0.3575529942889321,1.5591877643796844e-19,102
,0.18513109277275763,4.999048754678552e-06,0.3098603487774486,8.092924707283167e-15,103
,0.17722816335831842,1.2611071705104768e-05,0.31376274045198943,3.5710190867458316e-15,104
,0.1499840087809406,0.00022686200301769155,0.2526822216150038,3.414460324227199e-10,105
,0.1802772463567614,8.86646470424505e-06,0.28290702718734095,1.6643045894745107e-12,106
,0.18385951569105463,5.817202158586504e-06,0.30853387848981,1.0658227961969343e-14,107
,0.18582630489999355,4.599469238289588e-06,0.29434707331112253,1.8584543480908395e-13,108
,0.20507344501546743,4.047197209242583e-07,0.3239499029633765,3.9832751577118777e-16,109
,0.19402328805417418,1.6824650714487956e-06,0.30871414913885853,1.02676096989796e-14,110
,0.196197725077746,1.2791388800065147e-06,0.302845534861267,3.41705857508622e-14,111
,0.2034009518782796,5.047118666820326e-07,0.32681442317226467,2.1173934087960216e-16,112
,0.1787528586052065,1.058189926147791e-05,0.2832751367679325,1.5533450381304366e-12,113
,0.18825044970483726,3.4316198921544434e-06,0.28475338476701184,1.1762217623614279e-12,114
,0.15973996625990816,8.497517379804204e-05,0.27316181969580133,9.965808982640983e-12,115
,0.20642984637667194,3.3790868521758813e-07,0.3332847132939093,4.955772708054015e-17,116
,0.17984989844565125,9.31856384545166e-06,0.29912010034736747,7.228755736830414e-14,117
,0.19103577562603108,2.4395547013453813e-06,0.3045796180404988,2.4020297838837924e-14,118
,0.19534403704634593,1.4249760322339962e-06,0.3140246843278096,3.378729114099336e-15,119
,0.15585123145662677,0.00012656669870767412,0.28271868058476946,1.7240406256504864e-12,120
,0.19218587565716333,2.1158612055033744e-06,0.3265379287329756,2.2512240967426406e-16,121
,0.2159864635163125,9.156121643392939e-08,0.3401939014073111,1.0113956189882284e-17,122
,0.19548895039718076,1.3991443429783914e-06,0.3130176038700214,4.178725145129071e-15,123
,0.17393693926800247,1.8324700478850145e-05,0.2803868442929022,2.6619130982725497e-12,124
,0.20992510854829843,2.1108261711875285e-07,0.3314394522549096,7.525087206398311e-17,125
,0.1772303987266693,1.2607842144945233e-05,0.2779394188076395,4.181100039826878e-12,126
,0.17406377829584663,1.8064986423186418e-05,0.2807419833182767,2.4921678198656966e-12,127
,0.1905477271602707,2.5907967567824966e-06,0.32465057294959454,3.4149247550029603e-16,128
,0.16279837008118475,6.17113191412134e-05,0.2684196174835796,2.321128935046141e-11,129
,0.21033527213745373,1.996373932461394e-07,0.31472925564376397,2.910556724607603e-15,130
,0.17730674995781665,1.2498004731258049e-05,0.28692491125695607,7.794129976955005e-13,131
,0.17399105006013915,1.8213472872249492e-05,0.2953375177118458,1.529968903515587e-13,132
,0.2096192784982066,2.2002548707360452e-07,0.3090592019749615,9.558728598394951e-15,133
,0.18663690483626863,4.172086231857316e-06,0.2993024968549654,6.970125994112852e-14,134
,0.1656144102478084,4.57321163845641e-05,0.27640788467176464,5.533707419052298e-12,135
,0.18579851404892883,4.614839139596601e-06,0.3105612530193097,6.993192298830786e-15,136
,0.20641372208863212,3.3863660642777826e-07,0.3214682925044813,6.849238461987141e-16,137
,0.17990242117582084,9.261837602674214e-06,0.2961362621948992,1.3071437730284438e-13,138
,0.18106686356424162,8.085557337431626e-06,0.28569404659810343,9.846019572801016e-13,139
,0.1694927110040335,3.0024500264921308e-05,0.29607615926843656,1.3227403446779767e-13,140
,0.2031952343980247,5.185405033215596e-07,0.3268613113459778,2.0954875754519823e-16,141
,0.1781514290721665,1.1342092760970772e-05,0.2906571374740471,3.8103775765690985e-13,142
,0.17538741136772926,1.5555445207016296e-05,0.306881048876425,1.4991335502092047e-14,143
,0.19681351811830278,1.1829506942174694e-06,0.31347962697072906,3.790940342724845e-15,144
,0.17294490616765074,2.0481920626233084e-05,0.28206017556276863,1.9498460140383753e-12,145
,0.19427202964116763,1.6307881095783938e-06,0.3242762214835856,3.707866425275168e-16,146
,0.1752408221884572,1.581611106099426e-05,0.2756390700275113,6.365547641855904e-12,147
,0.16686187787479131,3.998389856851409e-05,0.2642776610806158,4.7924310222305986e-11,148
,0.1722726109389273,2.2078694910772447e-05,0.2733929220355585,9.559486757104543e-12,149
,0.23777052423077288,3.706363502678353e-09,0.3530933110398126,4.669001790275567e-19,150
,0.16965626572872367,2.9490316401356037e-05,0.2869722534672243,7.724208924741127e-13,151
,0.164877015883042,4.948878284930364e-05,0.28023507862191643,2.737854894775839e-12,152
,0.1711691773095598,2.4958401782737984e-05,0.2928731898624779,2.4788197161131e-13,153
,0.14581624470772525,0.00033905176198996997,0.24510494437905256,1.1696497237197011e-09,154
,0.1893928000374684,2.985279288965823e-06,0.3211555243602158,7.330890238751734e-16,155
,0.18489344979339584,5.143085757379357e-06,0.29985545089039056,6.240268201675962e-14,156
,0.17804339208424447,1.1484046193311865e-05,0.300194262616698,5.830668303932232e-14,157
,0.17861873964131544,1.074709665766481e-05,0.283618948215493,1.4562669089259887e-12,158
,0.18140745286865112,7.769371877499561e-06,0.3202950242220831,8.834463917227883e-16,159
,0.17085092984440664,2.58530236014881e-05,0.29703372671090467,1.0946123991740066e-13,160
,0.17923418627964785,1.0008730012991593e-05,0.2859515924551088,9.377034140231595e-13,161
,0.1823905761806421,6.921487289170676e-06,0.3073589693564337,1.35861679963973e-14,162
,0.1783619286347873,1.1070295432976452e-05,0.3010003300927657,4.959237260666677e-14,163
,0.14757743841994403,0.0002864723840914774,0.26389855352975294,5.118033559692181e-11,164
,0.19669711618132946,1.2005840050529477e-06,0.31227336596951094,4.886761262171685e-15,165
,0.15719558859156352,0.00011039761634789302,0.2582989590801601,1.335042296561067e-10,166
,0.19820230813919965,9.908394957591665e-07,0.31208284352067184,5.086186464879443e-15,167
,0.18300318325322196,6.43860422670727e-06,0.3129814188839416,4.2106904168891875e-15,168
,0.18018142020170438,8.965984872166334e-06,0.29603697983650334,1.333005374509295e-13,169
,0.19214921162199228,2.1255130451788845e-06,0.32135906611837384,7.013799958673274e-16,170
,0.1972546339909018,1.1183565158230226e-06,0.33477475450010297,3.5296625760356747e-17,171
,0.20834300154205565,2.614474227883815e-07,0.336921491736326,2.157671028657472e-17,172
,0.1739987597593116,1.8197677489599247e-05,0.2910068302948894,3.561323782573015e-13,173
,0.16476536597157088,5.0082406216130814e-05,0.2648746673338036,4.320247078588479e-11,174
,0.15939590567060036,8.805700420268146e-05,0.2552368766543496,2.2338096026020917e-10,175
,0.20106329275321294,6.850618638072393e-07,0.32293123991897676,4.978891279181772e-16,176
,0.17585429264213806,1.475218912855214e-05,0.28497957738447066,1.1270553725203955e-12,177
,0.1966587355388233,1.206453247277704e-06,0.3434154091635243,4.754835463074617e-18,178
,0.19889989411612757,9.06021636547539e-07,0.32408984589362544,3.8627857403157685e-16,179
,0.18755845464145346,3.732322859212386e-06,0.31810853214791857,1.4154246766939147e-15,180
,0.1896863594765975,2.879885183153646e-06,0.30995757873265195,7.930791758098317e-15,181
,0.22458515593788225,2.683718504726207e-08,0.3597348283375087,9.059429964858777e-20,182
,0.17988723994064865,9.27819992312514e-06,0.2987104727601959,7.844367877024567e-14,183
,0.1826430264834885,6.7184512266080596e-06,0.30913790189863455,9.40390231462739e-15,184
,0.18255361101269282,6.7897058578970536e-06,0.3033474000685642,3.086426895909949e-14,185
,0.17576123603526897,1.4909074023241307e-05,0.2963980949243401,1.2412759504575798e-13,186
,0.16079163631650362,7.617342400808239e-05,0.27309507890005724,1.008626024780274e-11,187
,0.1734201231992325,1.942006759557572e-05,0.3116570598758409,5.5611978585647766e-15,188
,0.18708507593606824,3.9523684101323405e-06,0.29465334152838435,1.7501168506976112e-13,189
,0.16989517230243933,2.8726196285917386e-05,0.27602131848993106,5.937731961970531e-12,190
,0.20981794376229393,2.1417562669503515e-07,0.3157777998721973,2.3294573393191423e-15,191
,0.19879319501345422,9.185272802797645e-07,0.31651819262467523,1.9894256537235083e-15,192
,0.17644257438039085,1.379615466215311e-05,0.29561207502648695,1.449469712866703e-13,193
,0.17625723749707625,1.409080140392069e-05,0.28760072590877306,6.852203545294105e-13,194
,0.2095029251234718,2.2352280145904315e-07,0.3465447421065916,2.264928625024431e-18,195
,0.1741003603395493,1.79907338175029e-05,0.28819539472592215,6.116244982726097e-13,196
,0.18971236901371885,2.8707209146572486e-06,0.32796770289512134,1.6386458494064436e-16,197
,0.2053196032643536,3.9171821028795534e-07,0.3197422313515708,9.956185712312333e-16,198
,0.20015061324726097,7.711007718479945e-07,0.3366187788656598,2.313276352788166e-17,199
,0.18577061408570444,4.630318745035512e-06,0.31695267195803334,1.813115372436744e-15,200
,0.16886132526912956,3.217396717131695e-05,0.27258559192477416,1.1053845464986593e-11,201
,0.2012309944534871,6.702901894449524e-07,0.33686287271685833,2.1869765359871865e-17,202
,0.17517541880163867,1.5933746966778485e-05,0.2757978773030456,6.184269728866772e-12,203
,0.1831309440616768,6.342032566054842e-06,0.291755677871596,3.08041765492999e-13,204
,0.17938222298158385,9.838478194684017e-06,0.2873886842504097,7.135052956407879e-13,205
,0.1707984926404722,2.600331768370576e-05,0.26355052433047765,5.435884664123774e-11,206
,0.17815056442389532,1.1343222189957827e-05,0.29675250748511073,1.1572761268087713e-13,207
,0.20472224447973203,4.23990539736263e-07,0.322644822554367,5.300413093303816e-16,208
,0.15510384225079094,0.00013649349138955587,0.2345255250237524,6.100559648888298e-09,209
,0.18104030016644357,8.110726533193694e-06,0.29394382917315437,2.0111684061883244e-13,210
,0.18743596800965154,3.788108692732601e-06,0.29948674311380497,6.71809061780503e-14,211
,0.21382235069913752,1.2372170873147478e-07,0.3252052525746446,3.0222408115231635e-16,212
,0.17406751881534535,1.8057380737178106e-05,0.27638755522254255,5.5542685480115344e-12,213
,0.17588934747886567,1.4693498074208752e-05,0.28565911297065183,9.911375791422537e-13,214
,0.16209742861830986,6.643957676334157e-05,0.25818991267141356,1.3598978760401967e-10,215
,0.18580543000167732,4.611009648914697e-06,0.28936363010256994,4.888834883118389e-13,216
,0.18884747719561157,3.190936011073242e-06,0.3087736113150368,1.014187327365294e-14,217
,0.20408517795671932,4.6122354099805434e-07,0.32973474864814584,1.1040893818744525e-16,218
,0.16420476924399685,5.316615792287618e-05,0.256156529109604,1.915193181506897e-10,219
,0.1789449112815713,1.0349549698060869e-05,0.3012762004259402,4.6914125889473135e-14,220
,0.16465468498333607,5.067751842198621e-05,0.2883201500056381,5.97197430542087e-13,221
,0.1821704905685901,7.103258099842086e-06,0.2773773653595929,4.635006587479984e-12,222
,0.18338126180493813,6.156815715658701e-06,0.30828450002711266,1.1222733090197812e-14,223
,0.18352503005594603,6.052783994464529e-06,0.3051439187610189,2.140645533922861e-14,224
,0.1785186698942655,1.0871951832136846e-05,0.2918922712913119,2.99983718769844e-13,225
,0.17639066794146901,1.3878078628984213e-05,0.30890413892564716,9.871141246049556e-15,226
,0.20135151474921664,6.598639847025062e-07,0.32490486590717016,3.229036632412843e-16,227
,0.1707361060903759,2.61832080517889e-05,0.2714728978806157,1.3493011059662704e-11,228
,0.17883662525714414,1.0479952059430271e-05,0.2740501846607895,8.490367608628696e-12,229
,0.15108202113289637,0.00020371621311325146,0.236097267078334,4.796668464990084e-09,230
,0.1883041377540644,3.409284975885502e-06,0.3103501750193961,7.307945414973787e-15,231
,0.1553543736398632,0.00013308716803443985,0.257964904347838,1.4126193740703796e-10,232
,0.19307960275853336,1.8931651068028307e-06,0.3051651999846393,2.1313547406013636e-14,233
,0.1862588175532528,4.366479095104552e-06,0.3071002357337931,1.4330020527358703e-14,234
,0.16765339670048693,3.6698846852884624e-05,0.2817629114932501,2.061027549778193e-12,235
,0.18078567703319054,8.355805726038244e-06,0.306881275289108,1.4990637169425067e-14,236
,0.16327008919223374,5.8710168483859655e-05,0.2766026312765748,5.340474760911805e-12,237
,0.16867690175264705,3.282882993607289e-05,0.2726554535912517,1.091599109120453e-11,238
,0.19465696462299348,1.5538046722126509e-06,0.31055099769081074,7.008172315066796e-15,239
,0.18942376477120415,2.9739905217804067e-06,0.2962295639216438,1.2832886401855585e-13,240
,0.19181104832129303,2.2165459154453992e-06,0.3091424811945147,9.394969653369177e-15,241
,0.16879346486347047,3.241347735935857e-05,0.27080211030218393,1.5209734570177483e-11,242
,0.18166280108535837,7.540091242858269e-06,0.2966444536643458,1.1822774602280372e-13,243
,0.22451352196360452,2.7118573726858453e-08,0.35085690268032366,8.039945777599627e-19,244
,0.171805027689292,2.325819266942915e-05,0.2677519584108822,2.6110794588997335e-11,245
,0.1819215339857218,7.31436209463671e-06,0.2964791098083476,1.2215627363714431e-13,246
,0.16560687478776892,4.5769103665118754e-05,0.29435340999213355,1.856147649595195e-13,247
,0.16969929457779312,2.9351284860392528e-05,0.2875488517914855,6.920368517209306e-13,248
,0.22637491316643935,2.065696794565924e-08,0.3571015803152753,1.7436399952434842e-19,249
,0.1665793952076996,4.122227262609219e-05,0.2694358261570008,1.939183072875815e-11,250
,0.21091345984591856,1.8451466497528814e-07,0.32654247255091673,2.2489589645094724e-16,251
,0.18286685395298055,6.54319976588098e-06,0.325586135355014,2.7786663681331283e-16,252
,0.1596578772606314,8.570109092960204e-05,0.2708269286370078,1.5142576860894924e-11,253
,0.16291091917449,6.0982379138668363e-05,0.27427297906815507,8.155209978260579e-12,254
,0.18280696512181077,6.589658944955006e-06,0.28954059544159394,4.725307315200869e-13,255
,0.20468215454962194,4.262456680544101e-07,0.33218487209391057,6.35887414858013e-17,256
,0.20168670753597848,6.31679730840452e-07,0.3383691620495853,1.5448798634478073e-17,257
,0.18915363162148824,3.0738646255446107e-06,0.30638333543008867,1.6606220606540692e-14,258
,0.1830743758950632,6.384619451648846e-06,0.27845792273514686,3.801090734896925e-12,259
,0.2149253131361164,1.0616613311229672e-07,0.35269564685249555,5.144357878733744e-19,260
,0.16301408614593657,6.032135386327384e-05,0.28228001693387894,1.8714182702576055e-12,261
,0.18212717700569075,7.139563494532127e-06,0.29421995766844666,1.9053253083077995e-13,262
,0.15420944519385793,0.0001493341715099575,0.25451222977726096,2.5207107729602696e-10,263
,0.19980252375674445,8.065758393351162e-07,0.31283479463856645,4.342692023817953e-15,264
,0.17497214356727228,1.6304695995311587e-05,0.29658084948461433,1.1972408522923456e-13,265
,0.14130613728069444,0.0005175688414296371,0.23263616456854366,8.126843902456068e-09,266
,0.1790111357939277,1.0270562743699822e-05,0.2970078286067652,1.1002413227686694e-13,267
,0.17827866072969653,1.1177061143223732e-05,0.2974223613150786,1.0134573422440817e-13,268
,0.2274632187426856,1.759879312204546e-08,0.3880051890452907,5.408636637649722e-23,269
,0.1521243381145958,0.00018380824424573102,0.2674860273367277,2.736164862979361e-11,270
,0.21714328221631474,7.785180018679336e-08,0.3405922009994849,9.217250670082588e-18,271
,0.18721553031439028,3.890520289721077e-06,0.3078274659211881,1.2334471628223612e-14,272
,0.16481490831485313,4.9818171970785156e-05,0.2805710235280335,2.572516066685553e-12,273
,0.1926367770920934,2.000542063690112e-06,0.34375352934229264,4.3904599506039816e-18,274
,0.18820457085677245,3.4508169185030412e-06,0.28773316164818036,6.681144729102458e-13,275
,0.13522647072788435,0.0008978689249663173,0.2313676663238079,9.838880793001044e-09,276
,0.18463516357461013,5.304127798094343e-06,0.28722473413651695,7.361558545880445e-13,277
,0.19524161829707498,1.4435080437610128e-06,0.3009600185304923,4.999608403548402e-14,278
,0.19644276836712848,1.239996212569866e-06,0.3182742930897734,1.3659236017729868e-15,279
,0.18056636151602062,8.572545427511136e-06,0.29606755115546135,1.3249890116526798e-13,280
,0.15406450840622848,0.00015151888627723659,0.2627475296362751,6.244518463508554e-11,281
,0.18971958480790652,2.8681834326498585e-06,0.3036388256454706,2.909058991624411e-14,282
,0.16895748970248006,3.183743011417092e-05,0.27800977292086004,4.127438671952339e-12,283
,0.19310734027111218,1.8866264135808794e-06,0.3129114933604508,4.2731433934397176e-15,284
,0.17002288084866807,2.8325470986858334e-05,0.2735433647722062,9.303727509844697e-12,285
,0.19433373877570256,1.6182054065702433e-06,0.32247074425956374,5.505708206461533e-16,286
,0.18406060004737096,5.6798170464997795e-06,0.2900489017067831,4.2848201261588294e-13,287
,0.18340384538944504,6.140361842621756e-06,0.3276284253229611,1.7671850900850192e-16,288
,0.17302488307753236,2.0299437948545393e-05,0.2784536783704106,3.804059814128191e-12,289
,0.16898579801893177,3.173899966716398e-05,0.2901572185122998,4.1962910850339437e-13,290
,0.18319710553916024,6.292567400624585e-06,0.30805515724725974,1.1767729079938111e-14,291
,0.16907602948341177,3.142717833630574e-05,0.29005640519538045,4.278628877959605e-13,292
,0.2016781123796691,6.323877628351601e-07,0.32015082467362566,9.114489291567397e-16,293
,0.18598180606833184,4.514366881808659e-06,0.3111771204236626,6.148954717361676e-15,294
,0.19585584742816606,1.3357354800559537e-06,0.3256854622151032,2.7183873747881196e-16,295
,0.17435157823391048,1.7488603102981353e-05,0.29567360316678326,1.432007514698289e-13,296
,0.19189562706283025,2.193433451955509e-06,0.3091920886995245,9.298734402030248e-15,297
,0.16792561335668343,3.562937715419616e-05,0.2829935249027271,1.6375542545238813e-12,298
,0.17905656041813134,1.0216716517699426e-05,0.30128532541606523,4.6828005275087233e-14,299
,0.23135383497067347,9.85935076335302e-09,0.3507202932783396,8.310166696269056e-19,300
,0.1579795953821758,0.00010188715484750385,0.265476743346216,3.890135152223989e-11,301
,0.18941601855937612,2.9768107091655583e-06,0.3209065332030903,7.737990228246584e-16,302
,0.18916276368297452,3.070436507745971e-06,0.300069574584066,5.978245625590991e-14,303
,0.17533413839976092,1.564969940767492e-05,0.3001892929785611,5.836481270094373e-14,304
,0.20573502279919276,3.7068330174346797e-07,0.31021378285834644,7.518683034487539e-15,305
,0.16956223259313752,2.979632540674534e-05,0.269488109536708,1.9212891092180893e-11,306
,0.19121147072991154,2.387207289720693e-06,0.3050658455737573,2.175071680944676e-14,307
,0.1516998789836487,0.00019168436398327995,0.2323103627798574,8.53673289430263e-09,308
,0.19646279716805104,1.23684817517588e-06,0.3107096499641575,6.779914471143965e-15,309
,0.1721249351426385,2.24449354250089e-05,0.27655283921117385,5.389242578476883e-12,310
,0.20261482578270967,5.595491851689369e-07,0.3072625195907799,1.3858919401789825e-14,311
,0.1934976045493595,1.7968912004364362e-06,0.3305105218118325,9.276124820521311e-17,312
,0.1725001875635267,2.152538675757343e-05,0.28553363320304487,1.0149653034092186e-12,313
,0.18899022387891182,3.1358294727693273e-06,0.29349048181598736,2.1975642376511814e-13,314
,0.17836413664647718,1.106747759238379e-05,0.3010540695587097,4.9059152190476836e-14,315
,0.1555514180682815,0.00013046437733300615,0.279099738996589,3.377253199428831e-12,316
,0.17840370742751793,1.1017093453939018e-05,0.2863925988759163,8.624252925631013e-13,317
,0.1734236286172178,1.941243277162624e-05,0.2968664887748879,1.1314650225862631e-13,318
,0.20804760494307206,2.7205447326623546e-07,0.31891920411956476,1.1890076194925826e-15,319
,0.17203817321296555,2.2662789614711633e-05,0.2981408554580347,8.78661615688917e-14,320
,0.19428032743101398,1.6290907193562738e-06,0.327596781671667,1.7796673709139113e-16,321
,0.17525007311491275,1.579953896520532e-05,0.28314519776026303,1.5916599631419765e-12,322
,0.1622166007514923,6.561227291509496e-05,0.2528335357301441,3.3301485532661024e-10,323
,0.15202084943734376,0.00018570007304839718,0.24361093516381477,1.4839270759983412e-09,324
,0.1941821260386976,1.6492877783585486e-06,0.3131209239280843,4.088759639986247e-15,325
,0.19972172142203093,8.150321598771577e-07,0.3247150844606219,3.366794273818179e-16,326
,0.19936396269014614,8.535074969062893e-07,0.32082549374032077,7.875221044188561e-16,327
,0.20551820917280822,3.815222577131641e-07,0.3253475375494047,2.928887370151891e-16,328
,0.19818691881548495,9.92793996053517e-07,0.3370584033391336,2.0907216589378114e-17,329
,0.18005403070258824,9.099934567662654e-06,0.3062801213633112,1.6961881976513907e-14,330
,0.2059154340908143,3.618907081862639e-07,0.33752234643059575,1.8787040055318997e-17,331
,0.1951878069472479,1.4533372720237847e-06,0.3061799493577396,1.7314204388598563e-14,332
,0.18585125008535133,4.585714817815051e-06,0.312179108522919,4.984444312684666e-15,333
,0.18090162921712008,8.243336800069163e-06,0.29290330629981787,2.464314370403247e-13,334
,0.1856757290617514,4.683335489094577e-06,0.29624970614320834,1.2781950171769435e-13,335
,0.20309597010747096,5.253428547425667e-07,0.3132374884681272,3.989543868359027e-15,336
,0.17121200817963755,2.484026748660206e-05,0.2903909864023489,4.011290470068111e-13,337
,0.15134357333823,0.00019853897807648772,0.2488310867633315,6.416593536260311e-10,338
,0.1610509792374235,7.413907216433495e-05,0.26075449291238595,8.792459271365155e-11,339
,0.16091218278467456,7.522136399802984e-05,0.26081495800414917,8.702020819811147e-11,340
,0.18175977098043689,7.454723157181206e-06,0.2959883742545497,1.345848629868724e-13,341
,0.17909326515195895,1.0173403382565453e-05,0.3058189817691762,1.864437244813326e-14,342
,0.1569296662077041,0.00011343306754259871,0.2568178962660522,1.7139044749477e-10,343
,0.2080225420823583,2.7297326391334723e-07,0.31988837517335733,9.64670646331698e-16,344
,0.1718229215811125,2.3211974566850453e-05,0.2774324765011934,4.588450292981437e-12,345
,0.19841178134693765,9.646002921394598e-07,0.29892704881326915,7.512743939419505e-14,346
,0.17561676688781527,1.5155783736790178e-05,0.2931445166947585,2.351099205708101e-13,347
,0.18948785010758673,2.9507566507471464e-06,0.32382831553839464,4.0909547063548047e-16,348
,0.16972480801844672,2.926914150005827e-05,0.28703372039168834,7.63434239660017e-13,349
,0.16018011197778426,8.118077373101962e-05,0.2783769365092896,3.858136289961018e-12,350
,0.20382693762345558,4.771955598576312e-07,0.35294039116280285,4.84644411457231e-19,351
,0.18663614752267663,4.17246720416615e-06,0.3154663134475686,2.48901372648467e-15,352
,0.19936865631418446,8.529916059590166e-07,0.32454829408145375,3.492622317049976e-16,353
,0.16431542319399162,5.2543597855151556e-05,0.2700775537078721,1.7303828022806087e-11,354
,0.20000448252559197,7.858069942529019e-07,0.31454339325143443,3.0274762559676254e-15,355
,0.22405354563782076,2.8994662373300136e-08,0.3370138033390152,2.1123032582040426e-17,356
,0.17584540961985523,1.4767097026765412e-05,0.2890590763570664,5.183333352466595e-13,357
,0.16564054931055053,4.560403364691313e-05,0.27170106885277767,1.2953399206652647e-11,358
,0.18137738542057136,7.796803313443242e-06,0.30051819458813844,5.4637658455992116e-14,359
,0.1713117765961249,2.4567144497749182e-05,0.308656525128551,1.0390918612184265e-14,360
,0.19071145349713917,2.539085583678559e-06,0.31550459433274847,2.468840552928879e-15,361
,0.18368310182923359,5.940339342621033e-06,0.3055514653192949,1.9694374733672538e-14,362
,0.15742064131632444,0.00010788857006383291,0.2799559031170168,2.883124768896697e-12,363
,0.16468241696754615,5.0527783858511e-05,0.265692620011582,3.7463368847024874e-11,364
,0.18797146265427728,3.549953560214742e-06,0.318790822502346,1.2223301148885701e-15,365
,0.14614597854245537,0.0003285689517686178,0.2341475742683806,6.462058952346566e-09,366
,0.18253839108084427,6.801906117540333e-06,0.3077583907862026,1.2511641230208715e-14,367
,0.18894476866757276,3.1532776211581804e-06,0.30797361160317205,1.196770218174375e-14,368
,0.1771212600258102,1.2766443403475874e-05,0.2788479764865138,3.5376940131262956e-12,369
,0.19543129009510168,1.4093683763998411e-06,0.3280773954753449,1.599089058544653e-16,370
,0.1825781459082027,6.770082694691513e-06,0.3320975850546869,6.485658859113388e-17,371
,0.17216908014454427,2.2334854460832906e-05,0.28968299966784067,4.597617398174094e-13,372
,0.19284692269681908,1.9488776787992927e-06,0.31214758983913304,5.017534279971034e-15,373
,0.19237594458434715,2.0664946911194604e-06,0.3084313606949808,1.0886835969695115e-14,374
,0.16321789743446563,5.9035307691561784e-05,0.2749099425852188,7.266743080146909e-12,375
,0.16829025035319956,3.424300175291276e-05,0.28106744908560927,2.3459335069660634e-12,376
,0.20232210242628584,5.81397348774248e-07,0.3036984975852994,2.873994666871683e-14,377
,0.14983036186638854,0.0002302906114636386,0.25289440838785693,3.2968054668285893e-10,378
,0.19516643057679817,1.4572596869247013e-06,0.30806674479334717,1.1739580568392878e-14,379
,0.19873957397089298,9.248743460025518e-07,0.3093349474273123,9.026971428826476e-15,380
,0.1866959671352738,4.142476694803291e-06,0.3074647846300713,1.3292990696734347e-14,381
,0.19002945082340567,2.7612198467618283e-06,0.30652027096366286,1.6145634792947943e-14,382
,0.16021377439398876,8.089725182484511e-05,0.2765413334769391,5.400573413537335e-12,383
,0.18211969789324672,7.1458503762382425e-06,0.2880319039827229,6.310487204579925e-13,384
,0.1975446911363006,1.0777422749192145e-06,0.3421266814053511,6.437561199793569e-18,385
,0.17548525417868288,1.5383739446546378e-05,0.2980634962672799,8.922852097006926e-14,386
,0.16762901676334918,3.679609857659106e-05,0.2782181994468491,3.972387550558144e-12,387
,0.19087323576187004,2.488960021887483e-06,0.3111883893852412,6.1344793151559566e-15,388
,0.20712602584709142,3.0787770276696504e-07,0.344543821762167,3.642624671505952e-18,389
,0.16563710918684751,4.562087101584945e-05,0.28238620817841176,1.834648865817419e-12,390
,0.18638999675258677,4.2980729922613705e-06,0.32029193092574215,8.840381186930866e-16,391
,0.20879313041723596,2.4604668908146346e-07,0.34231185566865896,6.163846550496441e-18,392
,0.19577397037281563,1.3496422856336841e-06,0.3043048634139357,2.5403888443370252e-14,393
,0.2014280593409893,6.533232540890262e-07,0.3231073630326745,4.790783818591799e-16,394
,0.18738014462600844,3.813796793721172e-06,0.28720951662266997,7.382935929773869e-13,395
,0.19599863289561925,1.311811669817692e-06,0.315337601471397,2.558036697276038e-15,396
,0.16533870536380887,4.710396960346115e-05,0.26745613785025446,2.750584433795032e-11,397
,0.17334414663777914,1.958624767722436e-05,0.3008999501953441,5.060364171853234e-14,398
,0.17989839438931726,9.266174987523211e-06,0.30342610004018694,3.0375090084432596e-14,399
,0.16801403884738264,3.528837552333178e-05,0.2724594629446819,1.1307049816654226e-11,400
,0.18981735735228483,2.834011968657754e-06,0.30154494520458147,4.44416719970676e-14,401
,0.1685246343627414,3.337900962211258e-05,0.27802904657372374,4.1128559386309905e-12,402
,0.1662783057133832,4.258214211847898e-05,0.2693025333996134,1.9855421132163742e-11,403
,0.18951533190907,2.9408465456796233e-06,0.3044626411354971,2.4600081794268435e-14,404
,0.18059248387208038,8.546451470513276e-06,0.30078067926025,5.1831540554868124e-14,405
,0.204188851622458,4.549571700891165e-07,0.3103434527591816,7.318194654257835e-15,406
,0.188545516253867,3.3105750073261413e-06,0.29277074907937856,2.5287885201673784e-13,407
,0.18020881106482362,8.937429970536432e-06,0.30085509840464764,5.10620086526096e-14,408
,0.18435156321526847,5.486497603978759e-06,0.29494770466194875,1.651834858376665e-13,409
,0.1796099027549345,9.58200645098034e-06,0.29425146691497683,1.89360013964829e-13,410
,0.18080550499166087,8.336470273722366e-06,0.3072369641853979,1.39320838538722e-14,411
,0.18088801903332297,8.256462973455954e-06,0.2942424638165707,1.8969431228854238e-13,412
,0.21971435364277853,5.411367769101227e-08,0.33692378219521113,2.156533835574796e-17,413
,0.15405364018000584,0.00015168391309630685,0.2633188558642315,5.6580581687708455e-11,414
,0.18402182031086484,5.706068731391378e-06,0.3117012563211521,5.509932716895807e-15,415
,0.15190764828685838,0.0001877903517046649,0.26219339743367265,6.869787726607834e-11,416
,0.16289998397045802,6.105284425561008e-05,0.2769162669502596,5.0430610349370894e-12,417
,0.20090021276301467,6.997262081663985e-07,0.3231571825454491,4.738853916032918e-16,418
,0.1783427360935519,1.1094817542625741e-05,0.28541095429734864,1.0388029157510188e-12,419
,0.18384939299776681,5.8242014086566e-06,0.32109493242187215,7.427976170318771e-16,420
,0.17905119053738525,1.022306791477628e-05,0.2928307962218631,2.499380136552779e-13,421
,0.19153009945855504,2.295005788937161e-06,0.30665071114711495,1.5718565832567038e-14,422
,0.1692324065902347,3.089363663523151e-05,0.2920261694452879,2.922852523773187e-13,423
,0.20547382261575808,3.8377854822609664e-07,0.3250775604037709,3.1085066918850602e-16,424
,0.1802209008369693,8.924854007163448e-06,0.30145306794002746,4.527221472250674e-14,425
,0.17970109682925037,9.481077720599041e-06,0.28496532757034565,1.1300924970914267e-12,426
,0.18401595303108761,5.710050623057911e-06,0.30231169629057747,3.806893625338026e-14,427
,0.1809100373503515,8.23523762527102e-06,0.2974277635629616,1.0123718801124757e-13,428
,0.176434626245972,1.3808669304904186e-05,0.30198906770306716,4.0633035231299504e-14,429
,0.1971847039247021,1.1283658019313576e-06,0.3193950103610594,1.073113405643309e-15,430
,0.18385230206391187,5.8221891367938345e-06,0.29421366878920446,1.907674018457153e-13,431
,0.17153004296283964,2.397952878982358e-05,0.28404985659653376,1.3429487481574198e-12,432
,0.1993489465620346,8.551599807113906e-07,0.31514486549417764,2.6649223893269284e-15,433
,0.1544855433721708,0.00014525400041659288,0.26860409851349065,2.2467206136549832e-11,434
,0.17130264471074091,2.459202469661751e-05,0.2797309196928332,3.0056580264518163e-12,435
,0.18013723335270243,9.012232911354833e-06,0.2999842656716365,6.081318912925657e-14,436
,0.17092970628236231,2.5628784855995078e-05,0.2904668184524368,3.953012390449051e-13,437
,0.19182807947965788,2.2118732074045364e-06,0.31193934987758304,5.241640462497106e-15,438
,0.15200584365499858,0.00018597589762694067,0.2657770274475323,3.691534399042488e-11,439
,0.2024605747620063,5.709617796433698e-07,0.3212980098890354,7.107474602761388e-16,440
,0.20839724474778076,2.59543463754751e-07,0.3274259290246578,1.848575307854199e-16,441
,0.20768391344905734,2.856840627255032e-07,0.32288976471617037,5.024234093033437e-16,442
,0.19094227948497017,2.4678576852404725e-06,0.32200925347982334,6.088537246409474e-16,443
,0.18446181638831535,5.414898785327878e-06,0.2967058299445844,1.1680120714650693e-13,444
,0.18470478659694356,5.260249820001323e-06,0.29474360515879966,1.7193857406329054e-13,445
,0.1723720303581633,2.1835335115074782e-05,0.27633386767789936,5.608927681037976e-12,446
,0.21613684548527157,8.965537076033076e-08,0.3420412422429811,6.567854072056315e-18,447
,0.17277138156506416,2.088322208382611e-05,0.29500640889264984,1.6328919175941333e-13,448
,0.15757244750273514,0.00010622654500810929,0.2573785744443363,1.559538163640532e-10,449
,0.1784668781365057,1.093711275384458e-05,0.29745360508258567,1.0071953441608303e-13,450
,0.21248533708391248,1.4877680133075554e-07,0.31568836347096396,2.374212637616213e-15,451
,0.1851377270187342,4.995083514115749e-06,0.31962079169075835,1.022075560099142e-15,452
,0.1733459364020155,1.9582317518194615e-05,0.28315501021539924,1.5887345819035553e-12,453
,0.18485280645161367,5.168113573962182e-06,0.2896942329427954,4.587689880195067e-13,454
,0.19808618661623573,1.0056790711769845e-06,0.3329373670133198,5.3623049089407573e-17,455
,0.19361821072017893,1.7699973167607122e-06,0.30770076193660034,1.2661361653246558e-14,456
,0.18072701869424743,8.413257711798539e-06,0.3120554333465574,5.115527298403229e-15,457
,0.1937660628682783,1.7375540820544494e-06,0.3176824768988752,1.5508877683872925e-15,458
,0.19770111296096388,1.056431435882936e-06,0.3105191032280689,7.054962365756874e-15,459
,0.16354344559474454,5.703468944258896e-05,0.2766169107544779,5.326568810519415e-12,460
,0.17592581868834295,1.463267141297863e-05,0.29226420606343106,2.7907444860992074e-13,461
,0.18951957790046248,2.9393182589453823e-06,0.308381528757956,1.0999689491899015e-14,462
,0.1907847321856674,2.5162627971746328e-06,0.3150875758490054,2.6975308441975878e-15,463
,0.2086110318808504,2.5216870873764096e-07,0.3416371250914678,7.220163938706713e-18,464
,0.19794781284727528,1.023641065488084e-06,0.3022530551418673,3.8522879114300457e-14,465
,0.1848036741546061,5.198524140359459e-06,0.32609738996849147,2.481827584917347e-16,466
,0.1816855298647111,7.51999854890107e-06,0.30745109771607326,1.3330559839008552e-14,467
,0.20769368145585426,2.8530955249096144e-07,0.3295571281070477,1.1489252867975602e-16,468
,0.18765687274141749,3.688068966603185e-06,0.3089033151709058,9.872827376093627e-15,469
,0.19016896421812984,2.714317278200029e-06,0.2968763235306907,1.1292645714541715e-13,470
,0.18844168444023662,3.3526964698276756e-06,0.2967950963094832,1.1475650289031957e-13,471
,0.20742112361144388,2.9593916313684386e-07,0.3123761817605501,4.782351909986749e-15,472
,0.18106369476269474,8.08855590491641e-06,0.2814090830746798,2.2014682380210346e-12,473
,0.19675055394960483,1.1924578152198268e-06,0.3037403374565484,2.8496564252796755e-14,474
,0.18511926066306383,5.006128185219449e-06,0.3036205745034762,2.9198672658109883e-14,475
,0.16094012181936296,7.500231310714614e-05,0.2598532780557134,1.0254165774854591e-10,476
,0.17254372064920273,2.1421055853345688e-05,0.27584464375235107,6.131854776736384e-12,477
,0.12539487720305323,0.002088962903118996,0.2163608062113169,8.688787353117827e-08,478
,0.16871955264078303,3.267626915802231e-05,0.2748529962818988,7.342158911785225e-12,479
,0.2267669021676555,1.9500429354347843e-08,0.3484988507945731,1.4193303588914704e-18,480
,0.18993067416149173,2.7948952697270908e-06,0.3319948135083128,6.638125129096427e-17,481
,0.1841154947341679,5.642853532872619e-06,0.289806935183188,4.4892430042898324e-13,482
,0.169808795625216,2.9000271106307834e-05,0.27109362286664895,1.4438945097499151e-11,483
,0.1668075192379584,4.021943071802398e-05,0.2773749819921352,4.6370303725429605e-12,484
,0.1658953134775228,4.437332210919511e-05,0.28311189496877487,1.601627862233372e-12,485
,0.20226988790535974,5.853797650852946e-07,0.3214754213084329,6.838631050330732e-16,486
,0.18789295744448634,3.5839492620646022e-06,0.2980969734012916,8.863643769999622e-14,487
,0.19293915476251908,1.9266083504093294e-06,0.3020955809199406,3.976832833157301e-14,488
,0.20913892376556,2.3481326086970364e-07,0.32372512776152973,4.184580053530576e-16,489
,0.1913857150468511,2.336355567863153e-06,0.3221186785687904,5.945084327273164e-16,490
,0.18321261505337214,6.2810252137697196e-06,0.31024335465879127,7.472491406508203e-15,491
,0.21163341663707247,1.6722315670291016e-07,0.33538457157559604,3.070328193090522e-17,492
,0.20765626063467557,2.8674685501828185e-07,0.33439280356053314,3.8511298480064084e-17,493
,0.1796063657725115,9.585941544722236e-06,0.2924489245540932,2.692275767151453e-13,494
,0.19535662202777246,1.4227146673985505e-06,0.2969273346477902,1.1179183621751583e-13,495
,0.18603042135249492,4.48807101136531e-06,0.30154636603219054,4.442894621179619e-14,496
,0.16262944987860323,6.282081402028314e-05,0.2714992356503272,1.3429619731490516e-11,497
,0.20309075203312427,5.257028015790764e-07,0.325399032821486,2.8958047861626587e-16,498
,0.18021046196766888,8.935711681290737e-06,0.30577094574015157,1.8828779333687323e-14,499
,0.193677504812311,1.756917261973522e-06,0.31906038971312056,1.1533919055044137e-15,500
,0.17178653061384908,2.3306060543292656e-05,0.27860209758777127,3.7015705160044935e-12,501
,0.18441263909319905,5.446723766650192e-06,0.31712663155306275,1.7469097941169616e-15,502
,0.1813240586017122,7.84568229720244e-06,0.3003017892887598,5.706276095410133e-14,503
,0.19541460217699666,1.4123407403411916e-06,0.311201542316716,6.117626195404474e-15,504
,0.209400798149651,2.2663660437604887e-07,0.3287515224826165,1.3758093239796443e-16,505
,0.17201047349868004,2.2732763693391863e-05,0.2942667000465163,1.8879569969235836e-13,506
,0.2402291690871589,2.5284652104708838e-09,0.36312670261750946,3.862765958671652e-20,507
,0.17554943077514143,1.5272095506510343e-05,0.2800318507810906,2.842875012024003e-12,508
,0.17593762536611118,1.4613031614987165e-05,0.28887515945200537,5.369518909462954e-13,509
,0.17507950270190684,1.6107769326953566e-05,0.29262879717692397,2.59966487166327e-13,510
,0.1797289072658496,9.450500735935246e-06,0.31314322431825087,4.069592710662948e-15,511
,0.16273587544112678,6.211961958023462e-05,0.2834542485351018,1.5020066472696239e-12,512
,0.16494733026585046,4.9118354325471476e-05,0.2816021060974725,2.123732364647683e-12,513
,0.1670064210589905,3.936393885887029e-05,0.2634197836773414,5.5601985473497895e-11,514
,0.20950488480885987,2.2346345667321457e-07,0.32950912356837064,1.161347150959694e-16,515
,0.17680104972316785,1.3242807488796036e-05,0.29021333900114715,4.1511300720804605e-13,516
,0.1810393301527858,8.111647047219555e-06,0.29126162939547573,3.389968425767087e-13,517
,0.21698547757323447,7.959777855667945e-08,0.35790493170501475,1.4288501270767968e-19,518
,0.16573177217947974,4.5159690484124513e-05,0.3020000200856645,4.05432765788956e-14,519
,0.1996131693860666,8.265267758654682e-07,0.3067940533403878,1.5262035359360018e-14,520
,0.1813674087343804,7.805925734313495e-06,0.27735552113410544,4.653587503376149e-12,521
,0.1798991509672157,9.26535990480328e-06,0.3010931089657043,4.867532071354562e-14,522
,0.1918693637184487,2.2005854942367384e-06,0.2994333765167315,6.790158179163129e-14,523
,0.19159735191154487,2.275985729145435e-06,0.3097945970509937,8.204406735484851e-15,524
,0.18864574206965928,3.2703968876643714e-06,0.32511726527353957,3.081426852188651e-16,525
,0.18192677221679343,7.3098593128927176e-06,0.30427963772545563,2.5534769118919812e-14,526
,0.1659541228463829,4.409372488300261e-05,0.2761235920012671,5.828117473075624e-12,527
,0.15601686827831224,0.00012446058102712307,0.27262165966938595,1.0982463801325763e-11,528
,0.18786002604315122,3.5983022965365892e-06,0.3260033634039048,2.5339746201759706e-16,529
,0.16610281666525983,4.3394206777409165e-05,0.27760786755023104,4.4433077731938304e-12,530
,0.2033178561906534,5.10254433452239e-07,0.33686549904353147,2.185655209845962e-17,531
,0.18021945482254906,8.926357284659676e-06,0.2938004312695521,2.0683859472879087e-13,532
,0.14533640363912628,0.0003548654447763239,0.24783723734231555,7.53822605440169e-10,533
,0.1928795617434692,1.9409689647514785e-06,0.31937024475564,1.0788618242058662e-15,534
,0.18201401667909406,7.235251648247143e-06,0.29391396497577027,2.0229552551981844e-13,535
,0.1757072137628219,1.5000877276140694e-05,0.2966295017713418,1.18577844425679e-13,536
,0.20364062211056005,4.890481251200578e-07,0.3346308881579412,3.647522030988648e-17,537
,0.17583757165682745,1.478026295705322e-05,0.2995962701358393,6.572524035546951e-14,538
,0.1866398476027672,4.1706061666002745e-06,0.30942592616216436,8.85798066826102e-15,539
,0.17516030443147768,1.5961050086803345e-05,0.28918119113712504,5.063220602654196e-13,540
,0.1931567064215546,1.8750426027995167e-06,0.29843951350010983,8.279529234647941e-14,541
,0.1564864679641625,0.00011866722858663159,0.26538811810155594,3.9507169891639846e-11,542
,0.2057458200388898,3.7015134813031065e-07,0.324123966971102,3.833955481476146e-16,543
,0.15085942545958428,0.00020822170101835713,0.25786591684105203,1.4364392561444787e-10,544
,0.1491535084624758,0.00024598007016292807,0.24853282257387085,6.734935996189028e-10,545
,0.19646329300196366,1.2367703395794386e-06,0.3076386061593504,1.2824814302754624e-14,546
,0.2264150118741057,2.0535675192297534e-08,0.35247743447104674,5.425146432389821e-19,547
,0.19387153919012012,1.7147586075686392e-06,0.3198920102294931,9.639130491286368e-16,548
,0.15708750668749719,0.00011162201192374946,0.25304719922178665,3.2145398957278577e-10,549
,0.15354245408327788,0.00015963938556308774,0.26141144574855485,7.857101528031383e-11,550
,0.17934831922751046,9.877224365801107e-06,0.2845056006428452,1.2324918626812592e-12,551
,0.19243202791558678,2.05214031749143e-06,0.3155739946802762,2.4326768089700057e-15,552
,0.17017249933700992,2.7862739630024133e-05,0.2776775208868728,4.386921104558135e-12,553
,0.18956406124620634,2.9233527109295357e-06,0.3037925389919104,2.819574176873124e-14,554
,0.16217671929612876,6.5888044840897e-05,0.2755095330362594,6.517251223226458e-12,555
,0.1795698975702561,9.626604380913786e-06,0.29753430642527495,9.911958599333311e-14,556
,0.17440516450928958,1.7383233160690492e-05,0.2944639511449254,1.8163565837914958e-13,557
,0.19173988684171678,2.236172437442847e-06,0.31168462989057444,5.5291636691296555e-15,558
,0.18517161044940772,4.974878448065549e-06,0.30029657973434093,5.712242317632673e-14,559
,0.19611656823908752,1.2923620449339795e-06,0.30606450855182593,1.7729142274271346e-14,560
,0.18821444619173824,3.4466761395110344e-06,0.3005995776898388,5.375205590513497e-14,561
,0.15790562509888245,0.00010266291573571637,0.2661188260376357,3.477508010121412e-11,562
,0.1701137698327499,2.8043513541008758e-05,0.29711875263045473,1.0763298793945218e-13,563
,0.13982105796347472,0.000593327768781279,0.2395843981891037,2.796344005681671e-09,564
,0.19829605354910226,9.790130505304652e-07,0.3051547074906077,2.1359305176461125e-14,565
,0.18442725730389722,5.437245014389333e-06,0.2979074215761102,9.204046476256906e-14,566
,0.1598795234263326,8.375434813790517e-05,0.27119396043515515,1.4182575555861352e-11,567
,0.19378463551599312,1.73351921246294e-06,0.31907978384471636,1.1485821320489923e-15,568
,0.1759283184662443,1.4628511067671338e-05,0.3068512153528158,1.5083631901840643e-14,569
,0.15661366657147918,0.00011714222703216355,0.27431185946557524,8.09806120951348e-12,570
,0.1750179674735628,1.6220363767267997e-05,0.29261626640463234,2.6060141504252957e-13,571
,0.1817726148713678,7.443485335645575e-06,0.302146866779359,3.9358437413476647e-14,572
,0.18152122701566084,7.6664030602034e-06,0.3011525944424076,4.809612196686717e-14,573
,0.17957802268510614,9.617530496584339e-06,0.29442842697675986,1.8290520460188866e-13,574
,0.1784860496948152,1.0912949144439305e-05,0.31778621478758795,1.516775967150681e-15,575
,0.19283295137577539,1.9522724768458734e-06,0.3170842083200883,1.7628328598231044e-15,576
,0.18689513140293623,4.0441038940568815e-06,0.3128190928381176,4.357066523364076e-15,577
,0.20589287263437395,3.629791860096869e-07,0.3344961367509361,3.761422163499646e-17,578
,0.19666289912881652,1.2058152139868639e-06,0.3045899173336454,2.3969897394917363e-14,579
,0.17548887696829235,1.537741649482179e-05,0.2810883159304305,2.3368497648235967e-12,580
,0.21111557775014722,1.7949357654716317e-07,0.33252527014877475,5.887324444961006e-17,581
,0.17558846845303971,1.520456150577723e-05,0.298196650587777,8.689624314295051e-14,582
,0.17672317067513055,1.3361196403942099e-05,0.27591530036175316,6.053486944514338e-12,583
,0.1787981713285131,1.052663524731355e-05,0.28813462686429003,6.187749365962942e-13,584
,0.15712616473251634,0.0001111826175031149,0.25813867247741895,1.3717325886466922e-10,585
,0.18601414382704207,4.496859136484586e-06,0.3099489360404438,7.945073538667046e-15,586
,0.19147682848395906,2.310179622548284e-06,0.3182502983239527,1.3729824062802162e-15,587
,0.191164809795638,2.401003785154752e-06,0.3309973054333495,8.31371061336161e-17,588
,0.17960219392364496,9.590584942728489e-06,0.3156797350920539,2.378574817814861e-15,589
,0.17658647232528146,1.3571439474483209e-05,0.30235084811920127,3.7768786140925467e-14,590
,0.15023799846350486,0.0002212988659211704,0.24555421918327286,1.0885325025005109e-09,591
,0.15408817501054153,0.00015116010767986915,0.26054421564509583,9.114167519129754e-11,592
,0.22010603827384032,5.117677021498655e-08,0.3556152946983505,2.5164422984707315e-19,593
,0.13312981335434004,0.0010801912657745563,0.22798721598050145,1.6287501061130407e-08,594
,0.1818569039691646,7.370136192915749e-06,0.29238680730471067,2.725002878301365e-13,595
,0.17726261140924393,1.2561390020056631e-05,0.2933729532795586,2.2485864772519383e-13,596
,0.15913789922393232,9.043681053108257e-05,0.2653715044368087,3.962175688324033e-11,597
,0.14988236457564452,0.0002291247845716865,0.24511334901435994,1.1680796471049856e-09,598
,0.1908532772992399,2.49509219304013e-06,0.3166560872668301,1.93171812332047e-15,599
,0.20410250262409457,4.601706344188586e-07,0.334474345809302,3.7801670324157694e-17,600
,0.17916814733373465,1.0085581108950633e-05,0.3007813821704901,5.182421917021783e-14,601
,0.16480595426912728,4.986583060633076e-05,0.2869502413955594,7.756642449674383e-13,602
,0.16844530336357263,3.366910245811602e-05,0.27788527897794535,4.222858176923421e-12,603
,0.17954364637876263,9.655976709591133e-06,0.28708872714562,7.554789345224331e-13,604
,0.2076104543951197,2.8851573024992084e-07,0.3224714211288767,5.504895016552457e-16,605
,0.18961508663506527,2.9051413522427978e-06,0.30701411685464697,1.4586365655293816e-14,606
,0.1989271081633165,9.028582892264516e-07,0.3203358843993155,8.756665442977055e-16,607
,0.16922757123481436,3.0910004915587374e-05,0.2632967136591535,5.679750967750879e-11,608
,0.19864268010147107,9.364505475751863e-07,0.3165094304775014,1.9931492120500174e-15,609
,0.17961619448159524,9.575010351964529e-06,0.2855914978622825,1.003908345343641e-12,610
,0.17566017360278763,1.5081253068117135e-05,0.2919870844425303,2.945122128780834e-13,611
,0.1915522438808669,2.2887262467891598e-06,0.2964519636136038,1.2281337415230977e-13,612
,0.1610169482404088,7.440306768750917e-05,0.2685547412320262,2.266396903017037e-11,613
,0.18248935061950466,6.841359271383678e-06,0.2967966083796981,1.1472217193317371e-13,614
,0.18594538707580555,4.534162202215252e-06,0.3111601920149877,6.17076294214762e-15,615
,0.19260505893078655,2.0084530788356676e-06,0.31746488328746264,1.624905350644586e-15,616
,0.1801723070643102,8.975504556612422e-06,0.30220618539590255,3.888951316893778e-14,617
,0.15909147925366376,9.087136138487944e-05,0.2806630756168933,2.528943322838251e-12,618
,0.187168327909854,3.91279123699693e-06,0.30435988880907017,2.5120674786695084e-14,619
,0.20784770034660008,2.7946654128897837e-07,0.35790123927604267,1.4301601834407877e-19,620
,0.21321241088473286,1.3460048387197662e-07,0.3451823460346324,3.131290678662647e-18,621
,0.13685786746840095,0.0007761684470789212,0.2204693575028876,4.8590738074889734e-08,622
,0.1915919714574395,2.2775018334455397e-06,0.3095545348434193,8.62437979466398e-15,623
,0.19030449487511913,2.669484590135361e-06,0.31257736794342295,4.584345140412671e-15,624
,0.16008229562972143,8.200995835787686e-05,0.28866794175668736,5.587144941754663e-13,625
,0.18372528987960074,5.910667616783077e-06,0.305781784306412,1.8787015128150784e-14,626
,0.1524272507694177,0.00017837418217268343,0.2707890701995455,1.5245137227017883e-11,627
,0.18230830349372446,6.988911462846633e-06,0.30487786897824487,2.260203475748433e-14,628
,0.19316442633648295,1.873237292556199e-06,0.3298926696243997,1.0656743251871333e-16,629
,0.1478104615151615,0.00028011657088603616,0.2537525309152488,2.8599818731171134e-10,630
,0.16987799850539637,2.878049268830483e-05,0.2880710650182079,6.263417228877303e-13,631
,0.1884486347563789,3.3498609989818574e-06,0.2896323114677049,4.642675898383713e-13,632
,0.21347064626457912,1.2988644995600913e-07,0.33513176534508893,3.253135619636803e-17,633
,0.19317300178014468,1.8712338690216668e-06,0.30697125175348305,1.4715631891408185e-14,634
,0.19305107579773761,1.8999125519376503e-06,0.3088734934324872,9.934059750377097e-15,635
,0.18239659358071109,6.9165803370355315e-06,0.30097574720669806,4.9838182785216486e-14,636
,0.19803139742238973,1.0127546465453438e-06,0.30598844032817274,1.8007877458009503e-14,637
,0.15652057351825455,0.00011825651039388144,0.25290400467514784,3.2915788427117314e-10,638
,0.19707229416495864,1.1446357581884038e-06,0.3196106377327693,1.0243187545326239e-15,639
,0.19438212015773337,1.6084054324056427e-06,0.29366333959513274,2.124577259808741e-13,640
,0.20126715122036254,6.671457561931173e-07,0.3230764653977102,4.823270910804068e-16,641
,0.16290618365837026,6.101288479093771e-05,0.25872335295471094,1.2424556049651233e-10,642
,0.2045899227994014,4.3147777430389014e-07,0.32923682603798854,1.2343483299262772e-16,643
,0.18539896024475777,4.841312944141385e-06,0.3013852960872852,4.589458940077499e-14,644
,0.18966727001839456,2.8866290220443664e-06,0.2964033732984912,1.239982130714585e-13,645
,0.19065946159928243,2.5553986166366433e-06,0.29338041539466936,2.2453127509234116e-13,646
,0.20288610845987606,5.400078560275837e-07,0.33167076750638935,7.142318216179413e-17,647
,0.18475499749249358,5.228821184597426e-06,0.29326965273246197,2.2943891674915336e-13,648
,0.19897841364480365,8.969233926014729e-07,0.3374804797305662,1.8969338415247672e-17,649
,0.19360260633338744,1.7734550704906e-06,0.2993897608441588,6.849620349951424e-14,650
,0.1839441931698491,5.758966369952445e-06,0.2888109023734028,5.436100016894706e-13,651
,0.16718551127455752,3.860842292346724e-05,0.27764711522294094,4.411448907742608e-12,652
,0.18148647097366585,7.69771938402135e-06,0.2998893700294488,6.198023303145751e-14,653
,0.17168304464154743,2.357559768294087e-05,0.2711771771859319,1.4225146046894652e-11,654
,0.1585931167053498,9.566229135264838e-05,0.2786116436190205,3.6950718444783854e-12,655
,0.15208955478496144,0.00018444207659541523,0.25407118971899384,2.7125771488268253e-10,656
,0.1945516995926151,1.5745033033572962e-06,0.30699429043318965,1.4646016132892386e-14,657
,0.1567460381751491,0.00011557479242493955,0.262471602131265,6.548593853302936e-11,658
,0.17308825632369243,2.0155937412875408e-05,0.29505857911417765,1.616236191728072e-13,659
,0.15855762539754537,9.601240243200999e-05,0.25739934124096975,1.5540889962917534e-10,660
,0.18678413666637317,4.098648385671781e-06,0.3075835926719388,1.297121116275517e-14,661
,0.19821682525675244,9.88999155676726e-07,0.3008332944844636,5.128630423709135e-14,662
,0.20890392858299356,2.423920872057177e-07,0.33120050211707897,7.941672564621001e-17,663
,0.182958676040818,6.4725746712216285e-06,0.2985505439232718,8.098424155927826e-14,664
,0.20775773224252242,2.828655055292128e-07,0.3249866371765274,3.1714033450664476e-16,665
,0.19480342577488827,1.52543914710802e-06,0.3058213347455587,1.8635385216452648e-14,666
,0.1808274157382193,8.315153383853993e-06,0.29161824243502876,3.163633992125733e-13,667
,0.19262420060409263,2.0036752614208876e-06,0.3166189061705247,1.9471140882060576e-15,668
,0.16953142863832263,2.9897222626636244e-05,0.2930675191911281,2.386673633753064e-13,669
,0.18662968036805785,4.175721909767153e-06,0.29546481257731994,1.49211597709588e-13,670
,0.18899418036290166,3.1343151399307556e-06,0.311692107066123,5.52050705693267e-15,671
,0.1810819673858001,8.071279482578117e-06,0.2976594858879951,9.66870108502448e-14,672
,0.19372436330674592,1.7466460497316247e-06,0.31983438841191714,9.75991369860233e-16,673
,0.1533710495011315,0.00016239345349886836,0.23835218176064898,3.3870354454916722e-09,674
,0.1997553856663137,8.114987485181538e-07,0.3224459225065348,5.535610723450185e-16,675
,0.1902827604524437,2.6766261602039756e-06,0.31596428881844335,2.2387844622956283e-15,676
,0.18459881127157796,5.327176512455519e-06,0.30430884868044944,2.5383271625319664e-14,677
,0.17991141691587048,9.25215498199975e-06,0.3091159840765777,9.446772168388189e-15,678
,0.2098194286618927,2.141324722925653e-07,0.3590388085084777,1.0777547212281237e-19,679
,0.17137082482882554,2.4406840820030063e-05,0.28568659565377963,9.859923818140543e-13,680
,0.19298881514261274,1.914719115979671e-06,0.3149603262102955,2.7713679630046334e-15,681
,0.15591179639216396,0.00012579274267741466,0.24959852043666975,5.663323361347337e-10,682
,0.18298132025204256,6.455269999055861e-06,0.2954436325927141,1.4983498601190766e-13,683
,0.18023992545664902,8.905098458731455e-06,0.30745083291708863,1.3331287711028534e-14,684
,0.17771346718988987,1.192809121998005e-05,0.29593270786385706,1.3607066297173314e-13,685
,0.1603217361734923,7.999422886411896e-05,0.25806068773287927,1.389937288122035e-10,686
,0.17868948956571418,1.0659648648373736e-05,0.2944157067941606,1.8336190364902576e-13,687
,0.1884615738537062,3.3445884370877416e-06,0.2896286038438276,4.645988656440486e-13,688
,0.17701837925357577,1.2917687826504502e-05,0.2982298796139187,8.632359972492305e-14,689
,0.17693631432953966,1.3039552040230355e-05,0.2886135701262662,5.645663587486648e-13,690
,0.1454979709236667,0.0003494655523866165,0.23497161102141018,5.699098648834739e-09,691
,0.14852909553739313,0.00026133571294700283,0.23778087285262622,3.700434727060926e-09,692
,0.1910668188663726,2.4302262772510288e-06,0.3083403619797029,1.1093784630194126e-14,693
,0.1634472693488664,5.7618962095986866e-05,0.2706177387062072,1.5717830202725592e-11,694
,0.1763620127593147,1.3923503191749543e-05,0.2979625815157285,9.10368796840303e-14,695
,0.1634585002997353,5.755044337731648e-05,0.2554306962967985,2.1626320713576894e-10,696
,0.18337244575423503,6.163250298724674e-06,0.3170521216995118,1.7749708220053236e-15,697
,0.17637764112901044,1.3898711392806442e-05,0.278004609213476,4.1313541901535855e-12,698
,0.18252219182481227,6.814914379505688e-06,0.2901595799531582,4.1943811359073245e-13,699
,0.20459156812879692,4.3138389924737814e-07,0.35061408150452733,8.526424334416344e-19,700
,0.18633506470575434,4.326592857058226e-06,0.2964240211288174,1.2349336820869542e-13,701
,0.17915831592818843,1.009707011422182e-05,0.28623256686133414,8.8903192209115e-13,702
,0.13783662938188415,0.0007106798560527298,0.2289252427081806,1.4172658494597612e-08,703
,0.19764184061110288,1.0644586315952193e-06,0.3198365812702053,9.75529006437654e-16,704
,0.18744170131241245,3.785479802144629e-06,0.31808488686531405,1.4226279934524267e-15,705
,0.18305908146540958,6.396180527205192e-06,0.2936058842960151,2.1485694833543492e-13,706
,0.18299266012078808,6.446620688989205e-06,0.2918019420461374,3.0528903928751403e-13,707
,0.19133280317243218,2.3516867262917937e-06,0.316915887560544,1.8274273149184415e-15,708
,0.14473016843170405,0.0003758287049988449,0.24979326612731706,5.486308281654265e-10,709
,0.17710790969412163,1.2785974053268767e-05,0.26692387730158534,3.0201415233256996e-11,710
,0.17853527368521815,1.0851140436937282e-05,0.31505910012472427,2.7138843153213486e-15,711
,0.1985114643961249,9.523492828671604e-07,0.3164086620246259,2.0364669519077965e-15,712
,0.18977089331317784,2.8502022568028555e-06,0.31605975155649446,2.193720318892223e-15,713
,0.1868238040240603,4.079074985349282e-06,0.28170229970187105,2.0844469925726754e-12,714
,0.1740422453506588,1.8108829104593544e-05,0.30653046663757755,1.6111847314082422e-14,715
,0.20396958021387981,4.683085576034365e-07,0.3287681898517305,1.3706965833273892e-16,716
,0.1726817659448614,2.1093384371009718e-05,0.29653155724175145,1.2089647830434202e-13,717
,0.1958659347321982,1.3340316951135796e-06,0.31254685490331047,4.61384956807234e-15,718
,0.1740298645799353,1.8134083039422424e-05,0.29782309218086234,9.35957633107659e-14,719
,0.1857061095604966,4.666297664500887e-06,0.3107654533750175,6.701376532731304e-15,720
,0.1966918674398968,1.2013850322935015e-06,0.2984711560973135,8.227515306092128e-14,721
,0.19175027670001787,2.2332965454053344e-06,0.3173692813629798,1.658512931919352e-15,722
,0.1862954338588122,4.347280795179411e-06,0.31451580791286804,3.045217843487784e-15,723
,0.17920260389734588,1.0045413316518307e-05,0.26879684775073,2.1714664065047583e-11,724
,0.1984392483645548,9.612095842732073e-07,0.3230405019853342,4.861357159207167e-16,725
,0.1832719413390927,6.237060770522163e-06,0.30043741001039403,5.553089474681181e-14,726
,0.1833279964128639,6.195790489228532e-06,0.3145359620678161,3.032245627086821e-15,727
,0.22627010563739614,2.097728097091282e-08,0.3326750351010104,5.690918021645809e-17,728
,0.19171141464777602,2.244071675427003e-06,0.329548353605128,1.151186013441582e-16,729
,0.21376262398222423,1.2474831980371642e-07,0.34537387866728186,2.9921895998516544e-18,730
,0.18292337731081315,6.49963823032808e-06,0.2912754649848955,3.3808987007218293e-13,731
,0.21752876671437582,7.374089118927273e-08,0.3530434649167163,4.726126376646771e-19,732
,0.20992886146641893,2.109750838417478e-07,0.34124348357402523,7.91674720779454e-18,733
,0.18504944065396417,5.048098533789656e-06,0.30036620372594824,5.633008731102977e-14,734
,0.19311421357764838,1.8850094862002814e-06,0.32003923286398306,9.33716264058353e-16,735
,0.17990621906013826,9.257748549003962e-06,0.3061801316209035,1.7313556861355747e-14,736
,0.1942313976038384,1.6391242817942842e-06,0.3249437586166014,3.201497353182147e-16,737
,0.20923770506991046,2.3169610455321362e-07,0.33137776013689146,7.63053570248165e-17,738
,0.1667424731971796,4.050299674259216e-05,0.2833192902950287,1.5405321734908544e-12,739
,0.18442897036078398,5.436135264341463e-06,0.3051837184183353,2.1233023078883263e-14,740
,0.190992759000215,2.452537793912897e-06,0.28913431591646155,5.109001458575447e-13,741
,0.20971911846916544,2.1706662600945928e-07,0.3323217136120073,6.165002819506418e-17,742
,0.19871034258258577,9.283521523048824e-07,0.34204624037468523,6.560161041314331e-18,743
,0.17375472402204717,1.8704019053676106e-05,0.28947617897358346,4.78420258002056e-13,744
,0.18256728211736367,6.778764937627593e-06,0.2827063818439771,1.728013446846943e-12,745
,0.1612030166099752,7.297039769582098e-05,0.2650161957605594,4.215149715548097e-11,746
,0.17522370172233626,1.584682424680409e-05,0.2823077213579577,1.861756497563325e-12,747
,0.18855053289333093,3.308552780817909e-06,0.30584706957360763,1.8537367701888596e-14,748
,0.16804877515096636,3.515526703412334e-05,0.2797919579263106,2.9719200282813723e-12,749
,0.17772079904992827,1.1918048088607672e-05,0.27331647821079796,9.692064403994027e-12,750
,0.193270521539351,1.848594957368114e-06,0.30252889556741763,3.643284348826293e-14,751
,0.21986684625304354,5.295139745201329e-08,0.3329078760660392,5.3982949108914884e-17,752
,0.2053190224583461,3.9174840861136026e-07,0.3353226326540744,3.1141594188192316e-17,753
,0.16721654741415226,3.847889668392252e-05,0.29188953005341745,3.0014338319005893e-13,754
,0.1874500138147674,3.781671369458722e-06,0.30981769168007384,8.165079095211828e-15,755
,0.18782165426723174,3.615095845700272e-06,0.31503874412063065,2.7256343172967217e-15,756
,0.16473238510125957,5.0259043876307794e-05,0.26639224967348274,3.315061838510605e-11,757
,0.14366143903154938,0.0004156212846729254,0.24437911405388582,1.313271047050461e-09,758
,0.22247349282135065,3.644482459707376e-08,0.34587248932438713,2.6579793102569805e-18,759
,0.2098403432225146,2.13525539486091e-07,0.340963250963055,8.452550037651401e-18,760
,0.13890299676193146,0.0006451826387388829,0.21787878203500363,7.019050091730084e-08,761
,0.171682287023319,2.3577581823552148e-05,0.28783140476804436,6.556958799674833e-13,762
,0.20733117269623885,2.995301706457305e-07,0.33035721081258906,9.601332243757832e-17,763
,0.1697073651954802,2.9325277003387084e-05,0.2813208778431999,2.2379112089404726e-12,764
,0.18349776026998885,6.07238676105025e-06,0.28586432197782097,9.533448335655554e-13,765
,0.18815691799098633,3.470864978775318e-06,0.3052081903417763,2.112706873610228e-14,766
,0.1785524783545892,1.0829615921847784e-05,0.2944622922333454,1.8169475109528517e-13,767
,0.20161696646414784,6.374467656144031e-07,0.3165860807914316,1.9608065802648378e-15,768
,0.19960905811364882,8.269651665984368e-07,0.324913750829265,3.222724914442467e-16,769
,0.17132353251689753,2.4535150173191392e-05,0.2922940438132035,2.774603149746155e-13,770
,0.20851419968795598,2.5548364539734956e-07,0.33438213986168597,3.860506401653802e-17,771
,0.16816609222856138,3.4709218489662136e-05,0.27076168996870054,1.531973414368616e-11,772
,0.16773636789364402,3.636969497456909e-05,0.2684165127960545,2.322401540173717e-11,773
,0.2011249276675479,6.795968700216191e-07,0.32569894152508283,2.710306836757969e-16,774
,0.18571800511292846,4.659642614019589e-06,0.28523626676008773,1.0736945795129085e-12,775
,0.19895321251155706,8.998339023822442e-07,0.31713468541964424,1.743902868246263e-15,776
,0.20074235915521885,7.142076383877002e-07,0.3143237778150516,3.171583867696628e-15,777
,0.18107996688834171,8.073169198776074e-06,0.3097018311457108,8.364259191714772e-15,778
,0.190348657078179,2.6550297711359243e-06,0.31165358792122994,5.565244894044922e-15,779
,0.17800669263859883,1.1532650575243102e-05,0.3006881014029179,5.280473211058674e-14,780
,0.16513128850019926,4.816159304022441e-05,0.28364492575195677,1.4491781051401896e-12,781
,0.19314798708119427,1.8770836349510595e-06,0.30496218639160927,2.2216205082352472e-14,782
,0.15020545640649421,0.000222004430536508,0.23807355764026544,3.5365158462597676e-09,783
,0.18751649607614057,3.751343594201169e-06,0.3108642839360203,6.564467971576987e-15,784
,0.18351588473503144,6.059351326511643e-06,0.28765771829277886,6.778070788600396e-13,785
,0.18860574457025786,3.2863746690664907e-06,0.3007070402209502,5.260419752521295e-14,786
,0.17544354650734023,1.545671127024784e-05,0.275785960900039,6.197695275190862e-12,787
,0.15758065176794167,0.00010613741194545896,0.2505641547019185,4.836978870349926e-10,788
,0.18645612929878536,4.263976344000464e-06,0.28746030817202933,7.038255912218982e-13,789
,0.1852188150574526,4.946859925112037e-06,0.2881436623310445,6.177065929110758e-13,790
,0.17695355639763458,1.3013857594507093e-05,0.2896114966046277,4.661303966675082e-13,791
,0.18980131261597943,2.839592744819704e-06,0.3206734750724952,8.139128571861084e-16,792
,0.19303731284751496,1.9031761206759033e-06,0.314269576541586,3.2081737221544718e-15,793
,0.19182131832411678,2.213727083174672e-06,0.29622191392754815,1.2852284015465517e-13,794
,0.17145814358096395,2.417160671989604e-05,0.2797268075337729,3.0079443838280636e-12,795
,0.19713759953026055,1.1351563916652565e-06,0.3193760576982829,1.0775098531986368e-15,796
,0.1763582711505814,1.3929444868280904e-05,0.27294181352527325,1.036827783888408e-11,797
,0.16581581920866031,4.4753928425244484e-05,0.2671537381103068,2.9007072557652988e-11,798
,0.18256118125488147,6.78364534885677e-06,0.29354747707629514,2.1732312920783618e-13,799
,0.1529859098540491,0.0001687452537638685,0.2430676609859999,1.6174394250439266e-09,800
,0.17853019341028842,1.0857504083980374e-05,0.2838371200232793,1.3977706656240705e-12,801
,0.1723133419116224,2.19786834846696e-05,0.2758657345146259,6.108358980046778e-12,802
,0.15973274243519947,8.503882112774548e-05,0.28238625648601756,1.8346323009451996e-12,803
,0.19425518943262773,1.6342381453731904e-06,0.33294797099173046,5.349421869668062e-17,804
,0.17419715153259618,1.779566773739956e-05,0.2754484731641008,6.589979849515967e-12,805
,0.1928426755994199,1.949909053754391e-06,0.32474433832291105,3.3451890534439425e-16,806
,0.19919051147224842,8.727836559144351e-07,0.3023257926693426,3.7960600440351885e-14,807
,0.1704112579885952,2.7139138176750734e-05,0.27492643446034876,7.245044113750117e-12,808
,0.1811278587532129,8.028045073351764e-06,0.2877604085175608,6.646473907539635e-13,809
,0.20977501100939486,2.154269770490637e-07,0.339254905745758,1.258185649020478e-17,810
,0.17163036336854542,2.371394395406373e-05,0.2786078444025214,3.697656907169056e-12,811
,0.16479045785934518,4.9948413382475146e-05,0.27505125386827783,7.082855669356452e-12,812
,0.17868247641290946,1.0668286660506659e-05,0.2936379272425532,2.1351564132195544e-13,813
,0.17632343759104505,1.3984876466543242e-05,0.29785606883286275,9.298452643236369e-14,814
,0.17764918458229795,1.2016490753666422e-05,0.303017063272377,3.3003234619330484e-14,815
,0.19983993891178542,8.026887915903979e-07,0.30460272831019397,2.390735060150269e-14,816
,0.20655072362828003,3.324995363940149e-07,0.3247745636640482,3.3230095292021967e-16,817
,0.2139500911325419,1.215533412880448e-07,0.3271278094507387,1.975149506832304e-16,818
,0.19482100644917344,1.5220678230110786e-06,0.31227380730967125,4.886308333356342e-15,819
,0.16843378817384758,3.371140851712842e-05,0.27839650881702904,3.8442735888280306e-12,820
,0.20618305963714703,3.492164680557856e-07,0.34627118033172244,2.4174386407443615e-18,821
,0.18384741469193083,5.825570230246909e-06,0.2987396010643688,7.798944662481356e-14,822
,0.1724415516405759,2.1666675771805056e-05,0.3024533374735987,3.6994019337796195e-14,823
,0.20755796467926457,2.9055562150945297e-07,0.3257802831027799,2.6620433007236376e-16,824
,0.1946927070349072,1.5468360482501607e-06,0.3202058249705686,9.006668387166735e-16,825
,0.16949034426366694,3.00322971576843e-05,0.28314378155167447,1.592082611603291e-12,826
,0.21913770501853957,5.873587577219381e-08,0.3214597801389314,6.861925749276095e-16,827
,0.20602119953504727,3.5682980970544535e-07,0.3424815426377429,5.923103762816051e-18,828
,0.17400893874655882,1.8176843046982146e-05,0.2988288490482959,7.661369396609567e-14,829
,0.2075203824733835,2.9202469380823214e-07,0.3271290084907944,1.9746237389459428e-16,830
,0.1876388747804182,3.6961241153991905e-06,0.2965012086390598,1.216238953353977e-13,831
,0.17043497721391287,2.706823424203065e-05,0.2782110823512924,3.977586852774666e-12,832
,0.15431756435291463,0.00014772373258381574,0.2575468181486981,1.5159216780804447e-10,833
,0.21222131594108026,1.5427275766391767e-07,0.3367616039097412,2.238529676546353e-17,834
,0.16006472630472582,8.215973604091333e-05,0.27161454230648624,1.3155501169619721e-11,835
,0.18425726505798967,5.548451608960702e-06,0.31192980661150893,5.252143041856546e-15,836
,0.17517776511372907,1.5929512491706478e-05,0.2940578104141253,1.96679753945187e-13,837
,0.16501359233135127,4.8771674919488865e-05,0.2751218122074408,6.992749071830981e-12,838
,0.19781668732731922,1.040946131117638e-06,0.3102115423548871,7.522194138548253e-15,839
,0.20251150955735614,5.671687284584762e-07,0.32123801385355594,7.200720044433448e-16,840
,0.19850749346413069,9.528344383230032e-07,0.34619585405284437,2.4611797911829915e-18,841
,0.20635123693088855,3.4147174985918797e-07,0.3272735725016056,1.912232065216281e-16,842
,0.19741515740345536,1.0957016835510136e-06,0.31839714175492195,1.3303387197915475e-15,843
,0.15907569951031225,9.101952766197656e-05,0.2813159305397096,2.2399726303223746e-12,844
,0.21013478225643423,2.0515504590953658e-07,0.3340774331794546,4.138133621603411e-17,845
,0.1886996551117933,3.248977830505001e-06,0.3059662232951609,1.809009514571113e-14,846
,0.2229569077677831,3.398817294010968e-08,0.3510018513101165,7.7626935307424235e-19,847
,0.15571377740208908,0.00012833985855953992,0.2527246531637125,3.390610103317434e-10,848
,0.195754540746983,1.3529627386156936e-06,0.31066392917467794,6.844934997552354e-15,849
,0.21012684509759888,2.053764810906094e-07,0.3315083799140852,7.408966233273914e-17,850
,0.2043810612758985,4.4355545992056025e-07,0.3376453138652249,1.8261519414819773e-17,851
,0.16397623094370176,5.447409484517956e-05,0.26260860345616704,6.395853741099847e-11,852
,0.19400041062801954,1.6872959923219665e-06,0.30950029257792305,8.722156972452175e-15,853
,0.20532214227726908,3.915862236112374e-07,0.34322945066698607,4.9677611286098835e-18,854
,0.20861445341733173,2.520523378354028e-07,0.3269572372707475,2.0513636597535793e-16,855
,0.15037701670570836,0.00021830830463501755,0.27084176333623966,1.5102572998875516e-11,856
,0.1513047492160634,0.00019929960050484835,0.2544818157461499,2.533506077215567e-10,857
,0.15188768488049123,0.00018816125993515535,0.2685471504156082,2.2694378752550793e-11,858
,0.21420817389563482,1.1728379620606117e-07,0.33411097383767685,4.106636501425578e-17,859
,0.20315929002875435,5.209938446229372e-07,0.31767792571852765,1.5524014526886897e-15,860
,0.1756905988187501,1.5029219970372344e-05,0.26268139270699836,6.316122011178058e-11,861
,0.17471312111181692,1.678928171802755e-05,0.2819078869611452,2.0060506724178332e-12,862
,0.18470403923854603,5.260718975875502e-06,0.2884068918443583,5.873633058146302e-13,863
,0.2019589660160075,6.096425407288893e-07,0.3188118469538812,1.2168108950608578e-15,864
,0.1899010795235887,2.805061115342863e-06,0.30851018940963576,1.0710630787184618e-14,865
,0.1896176784705449,2.904219209610873e-06,0.2991265550038621,7.219444781124574e-14,866
,0.1625970733379976,6.303560813913219e-05,0.26083040879104147,8.679056799705522e-11,867
,0.19636736012779113,1.2519176503448465e-06,0.313752385643114,3.578837268488621e-15,868
,0.16624659790587668,4.272779547566809e-05,0.2777981641726721,4.2909075032107445e-12,869
,0.2011277399934313,6.79348511318483e-07,0.32170847175088435,6.500613009173308e-16,870
,0.19028334044584344,2.676435346713307e-06,0.31895900278460587,1.1788599927410656e-15,871
,0.22459421697011728,2.6801793981395055e-08,0.3400765146391967,1.0394245215516484e-17,872
,0.17410246154884074,1.798647769640437e-05,0.288441464298412,5.83488100756757e-13,873
,0.1997848992646048,8.084131013810201e-07,0.3482622372723674,1.5022289999629477e-18,874
,0.1711348449387043,2.505348059818335e-05,0.28224307340039323,1.884378499726724e-12,875
,0.18359167497775208,6.005130473629564e-06,0.3209420877608626,7.678527057067683e-16,876
,0.18610398443388143,4.448559085280981e-06,0.29498058609271705,1.6411981590166044e-13,877
,0.18548501051308658,4.791658728914785e-06,0.308690841676611,1.0317311091193782e-14,878
,0.1955350059830511,1.3910291452163945e-06,0.3052343915638426,2.101420223256717e-14,879
,0.17018759448057463,2.7816454466296057e-05,0.2742661945212568,8.16522262919124e-12,880
,0.17787124236240542,1.1713740542114392e-05,0.305861184220355,1.8483823556288274e-14,881
,0.16270761322931637,6.230510349742978e-05,0.26516730794484683,4.1056901608325275e-11,882
,0.1873283637714857,3.83777349345888e-06,0.3254472720269564,2.8651474484854174e-16,883
,0.2085274929567555,2.5502609205133876e-07,0.33392178972658304,4.287432623452985e-17,884
,0.1875890659290867,3.718504313761588e-06,0.3093383948469137,9.0205106258038e-15,885
,0.20106592637914839,6.848274862260309e-07,0.31831807139389934,1.3531366133578467e-15,886
,0.20164863227781843,6.348220074287879e-07,0.32414294003158833,3.818016009782944e-16,887
,0.14983536381867296,0.00023017823388144364,0.24476146854010078,1.2356003779956216e-09,888
,0.1900621626991822,2.750153418093258e-06,0.31496953503073777,2.765958527716225e-15,889
,0.19601563462976435,1.3089905594935793e-06,0.3187457758975649,1.23423843745357e-15,890
,0.1686047958476681,3.308828649979895e-05,0.2935962301212765,2.152626849783255e-13,891
,0.17377206845787108,1.866759424748062e-05,0.2937819878376399,2.0758599107166012e-13,892
,0.17816654875240256,1.1322360289766376e-05,0.28067873289733347,2.5216041648854706e-12,893
,0.1978080644104912,1.0420939142723877e-06,0.31767461244767725,1.553504331581158e-15,894
,0.15421120236033153,0.00014930786715659203,0.26551974578268095,3.86106750557951e-11,895
,0.1906166515808101,2.56890601689321e-06,0.31961802599152667,1.022686074682974e-15,896
,0.18722868727568812,3.884334229060383e-06,0.2979085673959412,9.201950771150493e-14,897
,0.17866438872479246,1.0690595820521175e-05,0.28012922728275325,2.7920720588917427e-12,898
,0.19118541123293642,2.39490305673434e-06,0.32871106730561744,1.3882971491321133e-16,899
,0.16131003489055024,7.215822042583603e-05,0.2577892980849943,1.4551448088400195e-10,900
,0.1590042042013401,9.169370013024679e-05,0.26861346554789856,2.2430053230010696e-11,901
,0.1874128685168631,3.798718196396097e-06,0.31755021625799884,1.5954734040909514e-15,902
,0.19189726160140474,2.1929890706895953e-06,0.32037212463156556,8.688227079444225e-16,903
,0.18261467652119434,6.740965521655322e-06,0.30376127782872403,2.837551456592104e-14,904
,0.1638671852183421,5.5108830717532674e-05,0.2792677026787734,3.274195900858195e-12,905
,0.16244822333960876,6.403207011854109e-05,0.26617776196321624,3.441848947370416e-11,906
,0.17335068839347173,1.9571886213149207e-05,0.2939422727306362,2.011781039607125e-13,907
,0.16990693167239235,2.868907408870068e-05,0.2741835633965036,8.28813833228359e-12,908
,0.18355717135102947,6.029756920189813e-06,0.2942352943376335,1.8996093922095817e-13,909
,0.15403050196217172,0.00015203581393353948,0.25464193185523887,2.4668477211895437e-10,910
,0.17513194657352593,1.6012396772228823e-05,0.2976360775119817,9.713740557696739e-14,911
,0.17777658775178973,1.1841892357677145e-05,0.2858967449143895,9.47504102952851e-13,912
,0.15861559903119155,9.544113247256702e-05,0.2775862360280831,4.460962980248806e-12,913
,0.17869892254029918,1.064804067769369e-05,0.2988073300312908,7.694321519113473e-14,914
,0.17701019106443827,1.2929798216456184e-05,0.2825642601339278,1.774577474146819e-12,915
,0.21465125725265224,1.1028906999695373e-07,0.339229802562942,1.2655383612564083e-17,916
,0.17911935117521144,1.0142727172780112e-05,0.3078052005468246,1.2391309064430397e-14,917
,0.1702303700098431,2.768569066670817e-05,0.2796774677428153,3.0355102826733305e-12,918
,0.18580455115635913,4.611496113321258e-06,0.30919551123507516,9.292130711180979e-15,919
,0.1996621858837057,8.213172466263679e-07,0.327629220159789,1.766872666582687e-16,920
,0.15754723356065478,0.0001065009163879078,0.25956196553323463,1.0775449166519862e-10,921
,0.16980003602012314,2.902820354913699e-05,0.2718418923123191,1.2630943012199794e-11,922
,0.18076093671171656,8.379991484999815e-06,0.29432971054842727,1.8647891994735824e-13,923
,0.1935637348360798,1.7820967268189295e-06,0.30823366697652543,1.1341350884431892e-14,924
,0.18700110626726443,3.992674289608309e-06,0.29855927225981405,8.084352919000262e-14,925
,0.1765027932154971,1.370168778175023e-05,0.2972723105084981,1.0440668997797092e-13,926
,0.20029671753326744,7.566617835611942e-07,0.315231831154638,2.6161613845718e-15,927
,0.17635973937470326,1.392711304012912e-05,0.29312101876694097,2.3619002829886574e-13,928
,0.18442647585755792,5.437751321684095e-06,0.2863373886614853,8.715151531584356e-13,929
,0.20755166988654472,2.9080118494810017e-07,0.3418449397206679,6.87712705195896e-18,930
,0.17507921472990176,1.610829451050343e-05,0.28445741639624406,1.2437361945709795e-12,931
,0.16622959517738556,4.280609346866222e-05,0.2588518033422223,1.215688373874486e-10,932
,0.21081409565256953,1.8703250014470503e-07,0.32991007990368293,1.0615205083585107e-16,933
,0.2195030982755823,5.576466599088832e-08,0.3646311438129958,2.6379991586571417e-20,934
,0.19500782535541927,1.4866814327040399e-06,0.3087379497703928,1.0217099201507964e-14,935
,0.19095414562020116,2.464248246973534e-06,0.30719106702214616,1.4064439192180413e-14,936
,0.15075331102139974,0.00021040223440095337,0.24969947575560636,5.570876661314359e-10,937
,0.19845452246159,9.593290050934416e-07,0.31120014420062136,6.1194154686349176e-15,938
,0.18293190341529955,6.4930913859098245e-06,0.2964716406875918,1.223367266462399e-13,939
,0.19810794679889338,1.0028821113262409e-06,0.32620542450209644,2.423213565267428e-16,940
,0.17952603852439414,9.675725877782615e-06,0.2893434077477405,4.907870885990808e-13,941
,0.20516188329989152,4.000015193157271e-07,0.34670371757059804,2.180696072260533e-18,942
,0.20728824930411838,3.0125850878078213e-07,0.3327001610709398,5.658604587403787e-17,943
,0.17509237277071918,1.608431439551619e-05,0.2781713958704979,4.00670154832515e-12,944
,0.183828448003965,5.8387091835092655e-06,0.29828602350669864,8.536445485122198e-14,945
,0.1527844943299853,0.00017215915716936288,0.2684836294026106,2.2950418220415846e-11,946
,0.1521160139826674,0.00018395974291272513,0.2525057223990395,3.5154335631570874e-10,947
,0.21085939799801945,1.8588048123516617e-07,0.32894020720794825,1.3190095588287179e-16,948
,0.2085944555960197,2.527332230648296e-07,0.32748094499752245,1.826104777469319e-16,949
,0.17441986996653358,1.7354422615636842e-05,0.2933207695521407,2.2716112343861113e-13,950
,0.20402576804622463,4.6485180988218776e-07,0.31830300071986517,1.357525200712693e-15,951
,0.15027051776537664,0.00022059589274543161,0.23945712890214993,2.8523851506382923e-09,952
,0.14872384647413273,0.0002564527322724064,0.270776619014806,1.5279016147155546e-11,953
,0.18556417250344331,4.746409301946523e-06,0.3120600582433829,5.110565013801702e-15,954
,0.15984953955699555,8.401523975162852e-05,0.270487456630204,1.6086823704940838e-11,955
,0.18506025237214996,5.04157744974811e-06,0.3201915770554705,9.034478666750675e-16,956
,0.1724052286300587,2.1754640854566044e-05,0.2578709494638511,1.435218839216237e-10,957
,0.17659437297001868,1.3559203005604704e-05,0.27844181854049965,3.812368201738642e-12,958
,0.17802249249624907,1.1511701438093793e-05,0.2872826464800787,7.280756765211282e-13,959
,0.16122784458531048,7.278120984824454e-05,0.27199832284028136,1.2281941610470859e-11,960
,0.19861950314329008,9.39240121242784e-07,0.3048330866701664,2.2809620407424988e-14,961
,0.17916804827267444,1.0085696809818261e-05,0.29939287785760793,6.845353971708775e-14,962
,0.17291603588218224,2.0548175619641917e-05,0.2864388476757512,8.548823435740162e-13,963
,0.19628256929563914,1.2654537522848656e-06,0.3179073360682213,1.4778800686097323e-15,964
,0.16175177586790734,6.889518257543029e-05,0.2693146455240612,1.981285213913962e-11,965
,0.1797310954161845,9.44809890299119e-06,0.2949321440653049,1.6568920246199343e-13,966
,0.16056123989114393,7.80247688282206e-05,0.27453323176066324,7.780057174080368e-12,967
,0.15399546300872935,0.00015257016849530791,0.24158518270862733,2.043948799921101e-09,968
,0.15359642354758982,0.00015878133927243248,0.258691328225896,1.2492180768678478e-10,969
,0.1664613157688001,4.17506047344105e-05,0.2717282888402557,1.2890450444647374e-11,970
,0.18500419525874057,5.075475791650153e-06,0.3086198836203586,1.047008212098056e-14,971
,0.195195180433811,1.4519866390461508e-06,0.31325800787660824,3.97232487292822e-15,972
,0.16735521194755915,3.7905203196778357e-05,0.28534332999943735,1.0521763354949673e-12,973
,0.16415720963974223,5.343587387232487e-05,0.271296829829596,1.3924354894989519e-11,974
,0.17767927780920734,1.197503007774263e-05,0.2804278568795796,2.6417470591123424e-12,975
,0.1718079772410651,2.3250568269412788e-05,0.2740709658340698,8.458544948932461e-12,976
,0.16166960411900044,6.949142521779492e-05,0.267885452476545,2.5504108327737782e-11,977
,0.17145647819580345,2.4176073021608607e-05,0.30007752755895944,5.96872432012261e-14,978
,0.17621323437379643,1.4161631392821333e-05,0.29159039102893575,3.180764257704472e-13,979
,0.19447171443559813,1.5904075747416536e-06,0.3125517513764555,4.609102419695593e-15,980
,0.1720105844985147,2.27324828805232e-05,0.28364245881032224,1.4498498354213133e-12,981
,0.14906837334164755,0.00024802283693674043,0.26312081989087427,5.854981633337216e-11,982
,0.15986936338477198,8.3842665660923e-05,0.2685973295883569,2.2494091438345736e-11,983
,0.18762669414892832,3.7015852092191883e-06,0.29826918636748057,8.565099308505816e-14,984
,0.20618494931838707,3.491285143754239e-07,0.31187703828784596,5.310589850274165e-15,985
,0.19250291643977413,2.034133249590311e-06,0.30926247991819067,9.163838852488667e-15,986
,0.20640685511319795,3.389470700992181e-07,0.3439895271582539,4.1525742240099826e-18,987
,0.16177843876036457,6.870275494450638e-05,0.24967935170068312,5.589186642974437e-10,988
,0.21657738020800205,8.429023107294862e-08,0.3434776076221788,4.685642854226325e-18,989
,0.2076579388426663,2.8668224733476343e-07,0.33526995860275177,3.15191836056447e-17,990
,0.20276480897920618,5.486629082518399e-07,0.3276045997483602,1.7765753806762014e-16,991
,0.1920732685352886,2.1456394710904284e-06,0.29465844196788027,1.7483660994378899e-13,992
,0.19305152444805085,1.899806255100134e-06,0.302921849394047,3.364630269335148e-14,993
,0.18942257369593674,2.974423993841218e-06,0.3147558560735647,2.8941902890967232e-15,994
,0.16820882706707382,3.4548073623479365e-05,0.27593411316848127,6.032786574391189e-12,995
,0.18099139853440965,8.15725700343282e-06,0.301742036939985,4.271011472873165e-14,996
,0.1923679167907953,2.0685572365869382e-06,0.30581125627059935,1.8673910032485586e-14,997
,0.20010019584614536,7.761445148346559e-07,0.3176778229508018,1.5524356491219655e-15,998
,0.1665405493294701,4.1395381362155294e-05,0.2756022384964647,6.4083270532378385e-12,999
,0.16622261204355326,4.28382902918685e-05,0.2871910564985555,7.408950094916555e-13,1000
