authfull,field,field_type,rank_openalex,rank_global,c_score_openalex,elsevier_pct,nc,h,scopus_pubs,scopus_citations,rank_change
"Hofstede, Geert H.",Business & Management,mixed,1.0,3466.0,5.6513127110074555,10.975609756097562,123124,73,,,3465.0
"Sunstein, Cass R.",Law,mixed,2.0,633.0,5.6070622746939405,0.984251968503937,70108,116,410.0,41369.0,631.0
"Hayes, Andrew F.",Communication & Media Studies,mixed,3.0,1248.0,5.598415873642758,3.8461538461538463,154148,53,78.0,74287.0,1245.0
"Massey, Douglas S.",Sociology,mixed,4.0,641.0,5.492770957682474,6.0606060606060606,63332,117,314.0,33347.0,637.0
"Dörnyei, Zoltán",Languages & Linguistics,mixed,5.0,5305.0,5.485185753772809,2.0338983050847457,54379,85,89.0,16236.0,5300.0
"Castells, Manuel",Sociology,mixed,6.0,25049.0,5.446192419231724,1.4492753623188406,45146,83,78.0,6129.0,25043.0
"Frey, Bruno S.",Economics,mixed,7.0,2575.0,5.39503340331805,3.947368421052632,46119,110,,,2568.0
"Floridi, Luciano",Philosophy,book_heavy,8.0,2274.0,5.37514089739206,1.044932079414838,41169,105,341.0,21033.0,2266.0
"Wellman, Barry",Sociology,mixed,9.0,8474.0,5.267075423950708,4.45859872611465,41417,85,,,8465.0
"Frankel, Jeffrey A.",Economics,mixed,10.0,13212.0,5.253866895824359,7.2485207100591715,33400,86,118.0,12940.0,13202.0
"Langacker, Ronald W.",Languages & Linguistics,mixed,11.0,22992.0,5.233061269457642,1.4705882352941175,29216,66,71.0,5694.0,22981.0
"Stackebrandt, Erko",Microbiology,journal_heavy,12.0,4249.0,5.205702004012869,13.436385255648036,65974,116,669.0,46776.0,4237.0
"Pettit, Philip N.",Philosophy,book_heavy,13.0,12840.0,5.200729214299317,0.8665511265164645,26621,79,244.0,7878.0,12827.0
"Mignolo, Walter D.",Literary Studies,book_heavy,14.0,16555.0,5.19879107454128,0.0,28268,61,,,16541.0
"Garrison, D. Randy",Education,mixed,15.0,11106.0,5.1944580005907115,9.30232558139535,42846,64,,,11091.0
"Blundell, Richard W.",Economics,mixed,16.0,8575.0,5.180695350725838,5.263157894736842,59037,86,173.0,32732.0,8559.0
"Crystal, David",Languages & Linguistics,mixed,17.0,167882.0,5.140009132118294,1.1703511053315996,28224,61,117.0,1280.0,167865.0
"Wang, Xiao Jing",Neurology & Neurosurgery,journal_heavy,18.0,2466.0,5.127037036947302,17.551963048498845,38902,90,184.0,28347.0,2448.0
"Jackson, Robert",Religions & Theology,book_heavy,19.0,268795.0,5.12262956062254,6.563706563706563,119342,160,73.0,840.0,268776.0
"Clandinin, D. J.",Education,mixed,20.0,51600.0,5.088854140558145,3.3582089552238807,35715,62,,,51580.0
"Kalleberg, Arne L.",Sociology,mixed,21.0,10883.0,5.065759326384227,4.0625,26591,72,116.0,11271.0,10862.0
"McCroskey, James C.",Communication & Media Studies,mixed,22.0,20192.0,5.061585851622288,2.380952380952381,25476,86,147.0,8791.0,20170.0
"Maddala, G. S.",Economics,mixed,23.0,136616.0,5.051369262919902,14.285714285714285,31610,48,48.0,5766.0,136593.0
"Kirschner, Paul A.",Education,mixed,24.0,7300.0,5.03586983740773,14.04549950544016,37272,99,,,7276.0
"Grossman, Gene M.",Economics,mixed,25.0,11004.0,5.026340845766659,5.841924398625429,34944,77,101.0,17044.0,10979.0
"Hodder, Ian",Archaeology,book_heavy,26.0,27032.0,5.025105437787839,4.901960784313726,20279,67,,,27006.0
"Ellison, Christopher G.",Religions & Theology,book_heavy,27.0,7482.0,5.02327753040509,6.227106227106227,28003,92,214.0,17349.0,7455.0
"Schmidt, Vivien A.",Political Science & Public Administration,mixed,28.0,10661.0,5.019848278255124,0.5970149253731344,18765,55,109.0,9120.0,10633.0
"Fine, Kit",Philosophy,book_heavy,29.0,22583.0,5.019214657271532,0.7662835249042145,15378,61,,,22554.0
"Massey, Doreen B.",Geography,mixed,30.0,24212.0,4.997718539682365,2.2222222222222223,19678,54,90.0,5827.0,24182.0
"Deisenhofer, Johann",Biochemistry & Molecular Biology,journal_heavy,31.0,12418.0,4.994889558715592,23.17596566523605,35451,79,131.0,23090.0,12387.0
"Nelson, Jenny M.",Nuclear & Particle Physics,journal_heavy,32.0,2516.0,4.989855816362558,11.49228130360206,48629,116,,,2484.0
"Robinson, Peter J.",Languages & Linguistics,mixed,33.0,32094.0,4.985675079991373,7.4074074074074066,21786,65,48.0,4928.0,32061.0
"Walker, Alan C.",Anthropology,book_heavy,34.0,47273.0,4.955957553470923,8.732057416267942,23052,86,115.0,8649.0,47239.0
"Dick, John E.",Immunology,journal_heavy,35.0,5418.0,4.949484460870522,34.64467005076142,62862,105,260.0,52671.0,5383.0
"Burawoy, Michael",Sociology,mixed,36.0,11685.0,4.92944749823826,0.8450704225352111,17203,51,118.0,8232.0,11649.0
"Ong, Aihwa",Anthropology,book_heavy,37.0,27600.0,4.915829945852389,1.7543859649122806,22812,44,55.0,6892.0,27563.0
"Hooghe, Liesbet",Political Science & Public Administration,mixed,38.0,22570.0,4.90913395283654,1.6666666666666667,27951,61,73.0,13749.0,22532.0
"Watts, Michael J.",Geography,mixed,39.0,20883.0,4.89441992140625,5.631067961165048,19860,65,146.0,6761.0,20844.0
"Scheidel, Walter",Classics,book_heavy,40.0,33031.0,4.882059547985595,0.7168458781362007,11619,60,92.0,3976.0,32991.0
"Mele, Alfred R.",Philosophy,book_heavy,41.0,36329.0,4.8746325273716735,1.327433628318584,12031,58,181.0,4164.0,36288.0
"Schimmelfennig, Frank",Political Science & Public Administration,mixed,42.0,13573.0,4.874550359599875,0.0,15854,59,142.0,8504.0,13531.0
"Knack, Stephen F.",Economics,mixed,43.0,14872.0,4.866097846392562,5.555555555555555,21865,54,60.0,15186.0,14829.0
"Hunter, Christopher A.",Organic Chemistry,journal_heavy,44.0,3413.0,4.795888988694264,14.717741935483872,35206,102,,,3369.0
"Shamir, Boas",Business & Management,mixed,45.0,27395.0,4.7944425144856755,17.94871794871795,18727,52,,,27350.0
"Clark, Timothy",Literary Studies,book_heavy,46.0,284179.0,4.790127686268222,5.480984340044743,29131,75,27.0,1157.0,284133.0
"van Praag, Henriette",Neurology & Neurosurgery,journal_heavy,47.0,17233.0,4.790060844198618,25.352112676056336,29879,57,89.0,23481.0,17186.0
"Piperno, Dolores R.",Archaeology,book_heavy,48.0,20844.0,4.787463719746329,24.71264367816092,17573,68,,,20796.0
"Warde, Alan",Sociology,mixed,49.0,23430.0,4.781554139582902,4.199475065616798,13420,56,111.0,7437.0,23381.0
"Das, Veena",Anthropology,book_heavy,50.0,24970.0,4.770799882718739,4.014598540145985,13111,50,111.0,6010.0,24920.0
"Teubner, Günther",Law,mixed,51.0,82023.0,4.768185233165269,0.8771929824561403,11305,49,,,81972.0
"Brodsky, Stanley J.",Nuclear & Particle Physics,journal_heavy,52.0,3202.0,4.751071222495243,12.603305785123966,32760,93,530.0,34921.0,3150.0
"Quigley, John M.",Economics,mixed,53.0,31114.0,4.739715962123569,10.193321616871703,18166,66,117.0,8715.0,31061.0
"Nicholson, Donald W.",Biochemistry & Molecular Biology,journal_heavy,54.0,8511.0,4.730919457077509,41.07142857142857,35539,74,152.0,33793.0,8457.0
"Soames, Scott",Philosophy,book_heavy,55.0,79169.0,4.7307550860702605,0.0,9863,47,,,79114.0
"Kirzner, Israel M.",Economics,mixed,56.0,135067.0,4.730408207882196,0.0,17098,35,39.0,3063.0,135011.0
"Davies, Alun M.",Neurology & Neurosurgery,journal_heavy,57.0,15847.0,4.7290120994964,33.624454148471614,18450,76,,,15790.0
"Fiorina, Morris P.",Political Science & Public Administration,mixed,58.0,106851.0,4.728655116676423,0.684931506849315,15607,46,50.0,2979.0,106793.0
"Berninger, Virginia Wise",Education,mixed,59.0,18301.0,4.72772399666804,16.39871382636656,19055,76,232.0,13304.0,18242.0
"Hew, Khe Foon Timothy",Education,mixed,60.0,18965.0,4.726739266560213,10.78838174273859,17820,59,179.0,10979.0,18905.0
"Hidi, Suzanne E.",Education,mixed,61.0,34694.0,4.711169392206622,17.391304347826086,18585,44,55.0,8958.0,34633.0
"DeKeyser, Robert M.",Languages & Linguistics,mixed,62.0,40016.0,4.710778105140543,1.574803149606299,12334,45,67.0,4778.0,39954.0
"Buchan, Alastair M.",Neurology & Neurosurgery,journal_heavy,63.0,21771.0,4.70406183919153,10.55363321799308,27982,84,,,21708.0
"Levy, Neil L.",Philosophy,book_heavy,64.0,33195.0,4.694582067225057,4.264392324093817,8471,53,233.0,4456.0,33131.0
"Bratton, Michaël",Political Science & Public Administration,mixed,65.0,38692.0,4.693624116799375,2.5974025974025974,13272,48,50.0,5831.0,38627.0
"Hughes, Richard A.C.",Neurology & Neurosurgery,journal_heavy,66.0,3611.0,4.6908857078046555,31.654676258992804,28578,80,,,3545.0
"Matthes, Jörg",Communication & Media Studies,mixed,67.0,23670.0,4.69060497684428,7.4074074074074066,18284,62,246.0,10883.0,23603.0
"Puar, Jasbir Kaur",Literary Studies,book_heavy,68.0,162406.0,4.6905390120800075,0.0,12886,33,,,162338.0
"Smith, Christian S.",Religions & Theology,book_heavy,69.0,79878.0,4.683121793608048,0.0,11883,54,,,79809.0
"Murshudov, Garib N.",Biochemistry & Molecular Biology,journal_heavy,70.0,24932.0,4.679450311912959,10.232558139534884,60815,58,,,24862.0
"Samelson, Lawrence E.",Immunology,journal_heavy,71.0,23513.0,4.671386778264025,26.25,28398,88,213.0,19602.0,23442.0
"Bhatia, Kailash P.",Neurology & Neurosurgery,journal_heavy,72.0,7064.0,4.669613775257617,11.104405552202776,45454,115,,,6992.0
"Fiedler, Fred E.",Business & Management,mixed,73.0,100052.0,4.6592131010832745,9.29203539823009,14293,44,,,99979.0
"Povinelli, Elizabeth A.",Anthropology,book_heavy,74.0,159348.0,4.657522931777308,0.0,11797,32,56.0,1620.0,159274.0
"Reeves, Thomas Charles",Education,mixed,75.0,97035.0,4.654572082336224,2.4024024024024024,15699,57,101.0,4262.0,96960.0
"Marwick, Alice E.",Communication & Media Studies,mixed,76.0,31242.0,4.6533465274519505,1.7699115044247788,15502,38,41.0,8383.0,31166.0
"Guthman, Julie",Geography,mixed,77.0,16492.0,4.650119632647143,2.941176470588235,9845,41,82.0,7561.0,16415.0
"Yoon, Tehshik P.",Organic Chemistry,journal_heavy,78.0,19068.0,4.648442489729506,3.8461538461538463,24007,62,119.0,19196.0,18990.0
"Heinz, Ulrich W.",Nuclear & Particle Physics,journal_heavy,79.0,8612.0,4.6473741818092265,17.670682730923694,21080,79,342.0,22525.0,8533.0
"Mervis, Carolyn B.",Genetics & Heredity,journal_heavy,80.0,39587.0,4.646576535666398,18.565400843881857,30794,66,157.0,16189.0,39507.0
"Smyth, Russell",Economics,mixed,81.0,20415.0,4.640398106473763,21.393034825870647,20428,81,,,20334.0
"Alter, Blanche P.",Immunology,journal_heavy,82.0,17427.0,4.638348244947327,39.268292682926834,18283,73,262.0,13817.0,17345.0
"Andrews, Peter J.",Anthropology,book_heavy,83.0,33887.0,4.635779217162698,27.33812949640288,13097,62,166.0,7280.0,33804.0
"Yeates, Todd O.",Biochemistry & Molecular Biology,journal_heavy,84.0,18696.0,4.631983073886925,12.780269058295964,28850,74,209.0,23100.0,18612.0
"Webb, Stuart Alexander",Languages & Linguistics,mixed,85.0,34288.0,4.631100426343636,5.88235294117647,10494,53,101.0,5511.0,34203.0
"Page, Scott E.",Economics,mixed,86.0,24256.0,4.618114777073802,10.256410256410255,13486,38,88.0,9460.0,24170.0
"Bochmann, M.",Organic Chemistry,journal_heavy,87.0,9847.0,4.607517149096092,6.993865030674846,14230,66,,,9760.0
"Grushin, Vladimir V.",Organic Chemistry,journal_heavy,88.0,14723.0,4.605928102323594,2.8871391076115485,12499,57,124.0,11104.0,14635.0
"Lee, Icy",Languages & Linguistics,mixed,89.0,31399.0,4.599213762379372,22.727272727272727,7782,48,113.0,4323.0,31310.0
"Crino, Peter B.",Neurology & Neurosurgery,journal_heavy,90.0,17011.0,4.597290085203543,16.228070175438596,18200,69,182.0,15554.0,16921.0
"Lubell, Mark N.",Political Science & Public Administration,mixed,91.0,23326.0,4.595392459483548,13.302752293577983,13943,64,132.0,9356.0,23235.0
"Livingstone, David N.",Geography,mixed,92.0,94002.0,4.591229382818494,4.1343669250646,8040,43,91.0,2052.0,93910.0
"Quentin Grafton, R. Quentin",Economics,mixed,93.0,24872.0,4.590825685698949,5.667627281460135,13771,63,,,24779.0
"White, Tim D.",Anthropology,book_heavy,94.0,27643.0,4.586726947773855,29.2,15683,61,,,27549.0
"Lang, Annie",Communication & Media Studies,mixed,95.0,28379.0,4.581938245625335,1.3245033112582782,10537,50,90.0,6999.0,28284.0
"Schiffer, Michael Brian",Archaeology,book_heavy,96.0,65579.0,4.579596868624104,5.829596412556054,8868,46,66.0,3411.0,65483.0
"Warner, Michael",Anthropology,book_heavy,97.0,146944.0,4.574321921831155,1.3245033112582782,15119,25,11.0,3507.0,146847.0
"Levine, David I.",Economics,mixed,98.0,110756.0,4.573195624326526,8.393285371702639,15649,54,94.0,6383.0,110658.0
"Wang, Yi Shun",Education,mixed,99.0,28302.0,4.572743282036983,20.52980132450331,15370,48,,,28203.0
"Ingram, Donald K.",Neurology & Neurosurgery,journal_heavy,100.0,15913.0,4.569162873080912,36.90476190476191,34039,87,384.0,32210.0,15813.0
"Konstan, David",Classics,book_heavy,101.0,158170.0,4.566188730130238,0.0,8028,42,154.0,1626.0,158069.0
"Hausman, Daniel M.",Philosophy,book_heavy,102.0,72089.0,4.561256552565989,2.494331065759637,8303,39,122.0,2923.0,71987.0
"MacCormick, Neil",Law,mixed,103.0,132467.0,4.556447978236424,0.0,8092,36,47.0,1749.0,132364.0
"Owen, David",Philosophy,book_heavy,104.0,200467.0,4.555112729298082,10.29023746701847,12517,61,91.0,1210.0,200363.0
"Herholz, Karl",Neurology & Neurosurgery,journal_heavy,105.0,13162.0,4.550599403100932,19.83471074380165,24835,88,,,13057.0
"White, Lawrence J.",Economics,mixed,106.0,133463.0,4.548277945094762,7.7433628318584065,9906,51,134.0,2922.0,133357.0
"Alter, Karen J.",Law,mixed,107.0,49851.0,4.546359833501901,0.0,8387,40,49.0,4263.0,49744.0
"Brunt, Peter A.",Classics,book_heavy,108.0,116579.0,4.545099390472077,0.0,6281,40,32.0,1444.0,116471.0
"Harris, William Vernon",Classics,book_heavy,109.0,173760.0,4.544857403480553,0.0,7699,40,56.0,1246.0,173651.0
"Schiefele, Ulrich",Education,mixed,110.0,91574.0,4.543394159142431,15.2317880794702,13352,49,,,91464.0
"Maxwell, Anthony",Biochemistry & Molecular Biology,journal_heavy,111.0,25840.0,4.525143134321385,15.8311345646438,15856,71,,,25729.0
"Serpell, Louise C.",Biochemistry & Molecular Biology,journal_heavy,112.0,23121.0,4.523379892469982,17.741935483870968,21060,71,,,23009.0
"DeLancey, Scott",Languages & Linguistics,mixed,113.0,204513.0,4.523225525782566,1.8867924528301887,7370,35,30.0,1287.0,204400.0
"MacLennan, Ian C.M.",Immunology,journal_heavy,114.0,17579.0,4.519182155461184,20.930232558139537,15282,57,,,17465.0
"Korup, Oliver",Geography,mixed,115.0,25686.0,4.517574722438707,17.78523489932886,11294,59,,,25571.0
"Brady, Henry E.",Political Science & Public Administration,mixed,116.0,105123.0,4.51748204373074,0.4926108374384236,25409,41,51.0,4853.0,105007.0
"Jasso, Guillermina",Sociology,mixed,117.0,87127.0,4.513515027195829,4.090909090909091,7714,46,94.0,2451.0,87010.0
"Browning, Christopher R.",History,book_heavy,118.0,536584.0,4.50689364743623,12.8,9874,45,38.0,640.0,536466.0
"Bertola, Giuseppe",Economics,mixed,119.0,114376.0,4.506840175683115,7.119741100323624,9282,46,75.0,2402.0,114257.0
"Brünner, Henri",Organic Chemistry,journal_heavy,120.0,16864.0,4.5066910919572285,24.8868778280543,8972,53,527.0,9577.0,16744.0
"Tybout, James R.",Economics,mixed,121.0,116112.0,4.503190367126093,12.264150943396226,11768,39,,,115991.0
"Stanley, Jason",Philosophy,book_heavy,122.0,61899.0,4.50239824284611,0.8130081300813009,8932,34,45.0,4244.0,61777.0
"McBRIDE, John W.",Electrical & Electronic Engineering,journal_heavy,123.0,177744.0,4.501681343172823,25.214899713467048,20321,85,,,177621.0
"van Leeuwen, Floor",Astronomy & Astrophysics,journal_heavy,124.0,23552.0,4.494979266329034,1.6260162601626018,26365,43,,,23428.0
"Hirsch, Marianne",Literary Studies,book_heavy,125.0,230469.0,4.493736572607037,0.5780346820809248,9538,27,28.0,1806.0,230344.0
"Das, D. K.",Biochemistry & Molecular Biology,journal_heavy,126.0,7118.0,4.492076912620381,28.88888888888889,20455,85,711.0,27935.0,6992.0
"Jenkinson, Howard F.",Microbiology,journal_heavy,127.0,31233.0,4.487803331616903,13.333333333333334,14593,69,,,31106.0
"Baker, Gus A.",Neurology & Neurosurgery,journal_heavy,128.0,19788.0,4.487583564190624,40.41297935103245,22105,81,,,19660.0
"Firebaugh, Glenn",Sociology,mixed,129.0,81811.0,4.487559198073038,6.5420560747663545,8341,40,59.0,3966.0,81682.0
"Boyarin, Daniel",Literary Studies,book_heavy,130.0,214283.0,4.48744679356467,0.0,7915,34,65.0,1426.0,214153.0
"Middleton, Frank A.",Neurology & Neurosurgery,journal_heavy,131.0,124765.0,4.486458808184868,29.361702127659573,25123,60,178.0,21239.0,124634.0
"Meltzer, David J.",Archaeology,book_heavy,132.0,43545.0,4.482268501541505,11.428571428571429,10497,56,116.0,6559.0,43413.0
"Morley, Louise",Education,mixed,133.0,69053.0,4.48105717681388,4.365079365079365,5895,43,,,68920.0
"Nisbet, Matthew C.",Communication & Media Studies,mixed,134.0,30874.0,4.47906828519562,4.950495049504951,10982,38,65.0,8384.0,30740.0
"Tolker-Nielsen, Tim",Microbiology,journal_heavy,135.0,32465.0,4.472248731455523,9.345794392523365,26497,83,195.0,20633.0,32330.0
"Fernández-Villaverde, Jesús",Economics,mixed,136.0,120385.0,4.469637027835619,7.05521472392638,11628,57,,,120249.0
"Daniel, Rolf",Microbiology,journal_heavy,137.0,26745.0,4.46458598186307,4.508856682769726,22851,82,455.0,18419.0,26608.0
"Holtz-Eakin, Douglas",Economics,mixed,138.0,137945.0,4.463997844291797,7.55813953488372,12144,36,47.0,3429.0,137807.0
"Kiritsis, E. B.",Nuclear & Particle Physics,journal_heavy,139.0,23407.0,4.463425199861102,21.428571428571427,10634,61,187.0,10094.0,23268.0
"Weber, James L.",Genetics & Heredity,journal_heavy,140.0,15593.0,4.461204221156762,27.604166666666668,21973,60,200.0,24075.0,15453.0
"Rorty, Ámelie Oksenberg",Philosophy,book_heavy,141.0,235767.0,4.45598420455361,0.0,7175,34,61.0,860.0,235626.0
"Lewis, David E.",Political Science & Public Administration,mixed,142.0,109095.0,4.450948619618873,8.571428571428571,12015,28,,,108953.0
"Treiman, Donald J.",Sociology,mixed,143.0,117197.0,4.448724849765805,12.42603550295858,13925,42,41.0,6265.0,117054.0
"de Lange, Floris P.",Neurology & Neurosurgery,journal_heavy,144.0,124827.0,4.445432378107877,15.337423312883436,19985,74,,,124683.0
"Hale, Charles R.",Anthropology,book_heavy,145.0,139826.0,4.443884119471211,5.384615384615385,7410,32,,,139681.0
"Bong, Mimi",Education,mixed,146.0,46184.0,4.442653746050402,14.084507042253522,9556,37,,,46038.0
"Caliendo, Marco",Economics,mixed,147.0,108660.0,4.4380505172696605,7.017543859649122,14322,49,76.0,7051.0,108513.0
"Shea, John J.",Archaeology,book_heavy,148.0,45574.0,4.432563401563467,7.079646017699115,5915,43,,,45426.0
"Kornblith, Hilary",Philosophy,book_heavy,149.0,232447.0,4.43254601338069,0.0,6354,32,,,232298.0
"Hughes, Michael D.",Sociology,mixed,150.0,111801.0,4.432495078358501,8.456659619450317,23421,79,54.0,23858.0,111651.0
"Dillehay, Tom Dalton",Archaeology,book_heavy,151.0,85853.0,4.43210373981624,2.5,7412,45,107.0,3677.0,85702.0
"Adey, Peter",Geography,mixed,152.0,32286.0,4.431988317790417,8.695652173913043,6562,39,97.0,4945.0,32134.0
"Hewitt, Kenneth",Geography,mixed,153.0,24153.0,4.429238427101213,11.016949152542372,7428,36,95.0,6527.0,24000.0
"Bickel, Balthasar",Languages & Linguistics,mixed,154.0,176084.0,4.428392471391327,2.586206896551724,7921,51,86.0,2024.0,175930.0
"Tebo, Bradley M.",Microbiology,journal_heavy,155.0,32451.0,4.425838261178658,12.074303405572756,15539,72,170.0,13330.0,32296.0
"Prosser, Michael T.",Education,mixed,156.0,88339.0,4.42483222239815,5.333333333333334,13978,54,,,88183.0
"Voogt, Joke M.",Education,mixed,157.0,91311.0,4.424139978595591,7.52212389380531,13958,53,,,91154.0
"Schmid, Franz Xaver",Biochemistry & Molecular Biology,journal_heavy,158.0,24713.0,4.423114920733399,28.134556574923547,11119,63,294.0,13094.0,24555.0
"Kristjánsson, Kristján",Education,mixed,159.0,57797.0,4.420948417703061,0.6451612903225806,5753,40,139.0,3174.0,57638.0
"Hedström, Peter",Sociology,mixed,160.0,112030.0,4.418487803712023,2.272727272727273,10388,30,36.0,3495.0,111870.0
"Gile, Daniel",Languages & Linguistics,mixed,161.0,206762.0,4.418120246098188,0.5,5488,33,46.0,1157.0,206601.0
"McCann, Eugene J.",Geography,mixed,162.0,33821.0,4.409595239780023,9.615384615384617,6894,35,,,33659.0
"Leonard, William R.",Anthropology,book_heavy,163.0,41273.0,4.409512190773934,14.814814814814811,14038,63,231.0,9784.0,41110.0
"Tadelis, Steven",Economics,mixed,164.0,134025.0,4.407530948497078,2.857142857142857,8852,43,35.0,3182.0,133861.0
"Haack, Susan",Philosophy,book_heavy,165.0,238633.0,4.406791682725902,0.2915451895043732,5624,33,72.0,876.0,238468.0
"Francis, David J.",Education,mixed,166.0,69690.0,4.406584086392359,8.707865168539326,21277,82,198.0,14027.0,69524.0
"Jacobs, Patricia Ann",Genetics & Heredity,journal_heavy,167.0,25156.0,4.399718633040876,6.95970695970696,13773,60,,,24989.0
"Taniguchi, Naoyuki",Biochemistry & Molecular Biology,journal_heavy,168.0,11279.0,4.39884379578522,30.100334448160535,28493,105,1011.0,40284.0,11111.0
"Brown, Gordon D.A.",Immunology,journal_heavy,169.0,3278.0,4.3931862452442365,17.959183673469386,14197,59,351.0,45280.0,3109.0
"Schmitt, Michael N.",Law,mixed,170.0,247082.0,4.3907038544927,0.2808988764044944,5791,35,73.0,922.0,246912.0
"McCarty, Nolan M.",Political Science & Public Administration,mixed,171.0,114715.0,4.390283170845564,0.0,8798,42,,,114544.0
"Felski, Rita",Literary Studies,book_heavy,172.0,180898.0,4.382506012988506,0.0,6074,31,51.0,1305.0,180726.0
"Buck-Morss, Susan",Literary Studies,book_heavy,173.0,293802.0,4.381374854016179,0.0,7774,28,,,293629.0
"Hatfield, Gary C.",Philosophy,book_heavy,174.0,207509.0,4.379916411887918,2.752293577981652,7670,38,74.0,1047.0,207335.0
"Fox, Danny",Languages & Linguistics,mixed,175.0,202149.0,4.3770992449240085,0.0,7384,29,25.0,2017.0,201974.0
"Fiske, John",Communication & Media Studies,mixed,176.0,172112.0,4.3724428725952995,0.3533568904593639,7076,23,34.0,1779.0,171936.0
"van Bokhoven, Hans",Genetics & Heredity,journal_heavy,177.0,31733.0,4.367515945031233,21.71314741035857,25064,94,328.0,24650.0,31556.0
"Maier, Charles S.",History,book_heavy,178.0,254710.0,4.360101001211431,0.3558718861209964,6473,38,,,254532.0
"Volet, Simone E.",Education,mixed,179.0,87655.0,4.357497635843279,9.523809523809524,8715,46,,,87476.0
"Krauss, Rosalind E.","Art Practice, History & Theory",book_heavy,180.0,1199777.0,4.3570580467350055,0.0,6070,34,31.0,316.0,1199597.0
"Ginsburg, Faye",Anthropology,book_heavy,181.0,161216.0,4.348490316085082,1.7341040462427744,8448,32,61.0,1765.0,161035.0
"Brundage, James A.",History,book_heavy,182.0,547706.0,4.344028252764343,0.5763688760806917,5904,31,34.0,378.0,547524.0
"Brundage, James A.",History,book_heavy,182.0,547706.0,4.344028252764343,0.5763688760806917,5904,31,34.0,378.0,547524.0
"Herrington, Jan",Education,mixed,184.0,285636.0,4.332712287096831,0.5494505494505495,11331,47,,,285452.0
"Jacobs, Jane M.",Geography,mixed,185.0,107740.0,4.330695422180836,4.132231404958678,14020,28,,,107555.0
"McNair, Brian",Communication & Media Studies,mixed,186.0,146339.0,4.330012338767833,0.0,4870,29,65.0,1412.0,146153.0
"Mackenzie, Catriona",Philosophy,book_heavy,187.0,184517.0,4.3188383414023965,1.6666666666666667,5826,34,,,184330.0
"Crane, Tim",Philosophy,book_heavy,188.0,237904.0,4.317462784424481,0.0,4852,33,60.0,1035.0,237716.0
"Carpentier, Jean François",Organic Chemistry,journal_heavy,189.0,25013.0,4.315823770300332,7.878245299910475,16155,73,422.0,18242.0,24824.0
"Ergönül, Önder Onder",Microbiology,journal_heavy,190.0,42336.0,4.314446848221485,33.5149863760218,11196,55,246.0,8626.0,42146.0
"Schäffer, Alejandro A.",Genetics & Heredity,journal_heavy,191.0,17519.0,4.312632141656255,10.59322033898305,28979,78,259.0,89501.0,17328.0
"Gil-Alaña, Luís Albériko",Economics,mixed,192.0,27726.0,4.3073886330827875,17.023346303501945,7826,47,,,27534.0
"Post, Robert C.",Law,mixed,193.0,77985.0,4.302601762462368,4.028436018957346,4620,38,75.0,2740.0,77792.0
"Langanke, Karlheinz",Nuclear & Particle Physics,journal_heavy,194.0,30418.0,4.30175573766558,28.607594936708864,15906,65,373.0,16810.0,30224.0
"Hansen, Miriam Bratu",Literary Studies,book_heavy,195.0,280389.0,4.296828267260016,0.7518796992481203,5150,29,,,280194.0
"Tripp, Aili Mari",Political Science & Public Administration,mixed,196.0,118923.0,4.293243617819561,0.0,4809,34,60.0,1927.0,118727.0
"Foster, Andrew D.",Economics,mixed,197.0,102759.0,4.287783182661871,10.191082802547772,9265,40,,,102562.0
"Schiffer, Stephen",Philosophy,book_heavy,198.0,240474.0,4.286008888330882,0.7633587786259541,4391,28,41.0,1093.0,240276.0
"Whitfield, James F.",Biochemistry & Molecular Biology,journal_heavy,199.0,99212.0,4.285702230090234,33.23863636363637,9412,55,268.0,4850.0,99013.0
"Procter, David J.",Organic Chemistry,journal_heavy,200.0,42078.0,4.284733619362015,3.2948929159802307,13639,67,,,41878.0
"Stahl, Dale O.",Economics,mixed,201.0,124389.0,4.283938026073686,20.0,6644,31,69.0,2469.0,124188.0
"Salomon, Yoram",Biochemistry & Molecular Biology,journal_heavy,202.0,123724.0,4.282979962206328,29.48717948717949,11047,45,119.0,4696.0,123522.0
"Knobloch-Westerwick, Silvia S.",Communication & Media Studies,mixed,203.0,39655.0,4.282123928782392,2.2058823529411766,6271,42,,,39452.0
"Rose, Richard",Political Science & Public Administration,mixed,204.0,17072.0,4.28103036621164,6.588235294117648,20495,72,201.0,9010.0,16868.0
"Seaford, Richard",Classics,book_heavy,205.0,166083.0,4.2748988516128685,0.0,4178,31,55.0,1322.0,165878.0
"Bartkowski, John P.",Religions & Theology,book_heavy,206.0,141234.0,4.268723657378828,3.0303030303030303,6390,43,99.0,3356.0,141028.0
"Combes, Pierre Philippe",Economics,mixed,207.0,108540.0,4.261524440237528,14.965986394557824,7952,34,,,108333.0
"Grimmer, Justin",Political Science & Public Administration,mixed,208.0,109921.0,4.259306248016801,0.8130081300813009,7030,32,,,109713.0
"Fletcher, George P.",Law,mixed,209.0,295947.0,4.2565344279757875,0.0,3994,31,53.0,767.0,295738.0
"Abraham, Soman N.",Immunology,journal_heavy,210.0,137873.0,4.252450646893472,32.8719723183391,17498,74,191.0,13893.0,137663.0
"Mansfeld, Jaap",Classics,book_heavy,211.0,355020.0,4.250730394152185,0.23094688221709,5008,33,79.0,560.0,354809.0
"Wolfram, Catherine D.",Economics,mixed,212.0,134461.0,4.2475358783324975,3.015075376884422,7322,39,48.0,3394.0,134249.0
"Varzi, Achille C.",Philosophy,book_heavy,213.0,190288.0,4.245123719580933,0.8658008658008658,4753,36,74.0,1276.0,190075.0
"Holdaway, Simon J.",Archaeology,book_heavy,214.0,253735.0,4.243986233487103,5.2924791086350975,5501,41,,,253521.0
"Leung, Constant",Languages & Linguistics,mixed,215.0,174699.0,4.239984153974766,1.951219512195122,5378,35,87.0,1792.0,174484.0
"Brueggemann, Walter",Religions & Theology,book_heavy,216.0,492898.0,4.235028603098298,0.0,3969,31,87.0,442.0,492682.0
"Sturm, Jan-Egbert Egbert",Economics,mixed,217.0,132379.0,4.234969380616922,6.024096385542169,12387,49,131.0,5759.0,132162.0
"Holz, Ronald W.",Biochemistry & Molecular Biology,journal_heavy,218.0,123920.0,4.234477484926827,38.66666666666666,8267,53,141.0,5038.0,123702.0
"Benton, Lauren",History,book_heavy,219.0,162401.0,4.234056262254088,2.9585798816568047,5190,31,51.0,1351.0,162182.0
"Svallfors, Stefan",Sociology,mixed,220.0,107749.0,4.231900468890857,0.6451612903225806,4085,29,,,107529.0
"Hunter, David G.",Religions & Theology,book_heavy,221.0,512912.0,4.231350901896382,35.09803921568627,7542,50,26.0,499.0,512691.0
"Hopkins, Keith",Classics,book_heavy,222.0,346705.0,4.229632200362426,0.0,5156,25,,,346483.0
"Hendriks, Carolyn M.",Political Science & Public Administration,mixed,223.0,112409.0,4.226659398779886,3.333333333333333,4998,36,42.0,2386.0,112186.0
"Palace, Jacqueline A.",Neurology & Neurosurgery,journal_heavy,224.0,20687.0,4.224198636191954,14.37125748502994,23883,81,,,20463.0
"Tripsas, Mary",Business & Management,mixed,225.0,126304.0,4.223442714915747,2.5974025974025974,7867,24,,,126079.0
"Remmer, Karen L.",Political Science & Public Administration,mixed,226.0,133836.0,4.222878973398301,1.2658227848101269,3659,31,28.0,1684.0,133610.0
"Ayres, Paul L.",Education,mixed,227.0,89602.0,4.220762976184613,19.491525423728813,8174,43,,,89375.0
"Iammarino, Simona",Geography,mixed,228.0,96975.0,4.220205410878062,6.018518518518518,8383,34,73.0,5541.0,96747.0
"Gagarin, Michael",Classics,book_heavy,229.0,398237.0,4.218512733030408,0.0,5182,28,30.0,620.0,398008.0
"Michaud, Jacques L.",Genetics & Heredity,journal_heavy,230.0,128555.0,4.218394131460045,22.78481012658228,15438,66,,,128325.0
"Freestone, Ian C.",Archaeology,book_heavy,231.0,85987.0,4.212532548170637,15.151515151515152,6419,43,89.0,4182.0,85756.0
"Barberá, Pablo",Political Science & Public Administration,mixed,232.0,131440.0,4.211969906836088,0.9852216748768472,9870,33,38.0,4664.0,131208.0
"Laine, Roger A.",Biochemistry & Molecular Biology,journal_heavy,233.0,121825.0,4.210805432338997,31.963470319634705,7905,49,149.0,4152.0,121592.0
"Wilkins, David P.",Languages & Linguistics,mixed,234.0,195924.0,4.21031620340884,12.12121212121212,7776,35,,,195690.0
"O'Connor, Sue",Archaeology,book_heavy,235.0,110097.0,4.208031986297081,10.86350974930362,7650,52,160.0,3987.0,109862.0
"Schäfer, Peter",Religions & Theology,book_heavy,236.0,555971.0,4.202219610415835,26.21951219512195,14228,61,18.0,483.0,555735.0
"Baxter, Janeen J.",Sociology,mixed,237.0,82654.0,4.199776688227475,5.119453924914676,6650,41,123.0,3891.0,82417.0
"Voas, David",Religions & Theology,book_heavy,238.0,74109.0,4.19565533477627,0.7633587786259541,4980,32,72.0,3626.0,73871.0
"Michael J. Crozier, Michael J.",Geography,mixed,239.0,104039.0,4.194242172808233,16.49484536082474,5590,32,,,103800.0
"Blankenbeclér, Richard",Nuclear & Particle Physics,journal_heavy,240.0,195414.0,4.193529944470418,12.048192771084338,6905,39,119.0,2703.0,195174.0
"Mazower, Mark",History,book_heavy,241.0,221331.0,4.1868223075288755,0.0,4667,25,,,221090.0
"Eck, Werner",Classics,book_heavy,242.0,333699.0,4.18603624162055,0.0,3175,36,232.0,870.0,333457.0
"Wilbanks, Thomas J.",Geography,mixed,243.0,105825.0,4.185217030295824,6.569343065693431,12607,31,65.0,8656.0,105582.0
"Hanihara, Tsunehiko",Anthropology,book_heavy,244.0,115110.0,4.180296528133356,4.464285714285714,5993,38,,,114866.0
"Strielkowski, Wadim",Economics,mixed,245.0,108517.0,4.174134642993188,9.736842105263158,6756,45,,,108272.0
"Huggan, Graham",Literary Studies,book_heavy,246.0,292918.0,4.165633788065698,0.5847953216374269,4233,24,62.0,1054.0,292672.0
"Levis, John Michael",Languages & Linguistics,mixed,247.0,189456.0,4.16497037520043,2.923976608187134,5902,31,62.0,1679.0,189209.0
"Rosenwein, Barbara H.",History,book_heavy,248.0,297604.0,4.164912418158348,0.0,4186,24,28.0,1275.0,297356.0
"Harris, Jonathan Gil",Literary Studies,book_heavy,249.0,788349.0,4.162744826566165,14.97326203208556,17147,46,,,788100.0
"Kukathas, Chandran",Philosophy,book_heavy,250.0,202966.0,4.159360714367542,1.2121212121212122,3399,27,,,202716.0
"Budig, Michelle J.",Sociology,mixed,251.0,106394.0,4.158323405688323,4.545454545454546,7153,27,32.0,4581.0,106143.0
"Herbert, Steve",Geography,mixed,252.0,112486.0,4.15807034989537,4.901960784313726,3989,28,46.0,2413.0,112234.0
"Sloterdijk, Peter",Literary Studies,book_heavy,253.0,811428.0,4.1545817884167215,0.3968253968253968,4209,29,19.0,346.0,811175.0
"Wright, Scott",Communication & Media Studies,mixed,254.0,166472.0,4.150747315007008,45.49763033175356,24568,61,,,166218.0
"Lieberman, Evan S.",Political Science & Public Administration,mixed,255.0,130224.0,4.149651166126602,4.901960784313726,4337,25,35.0,1981.0,129969.0
"Kimbel, William H.",Anthropology,book_heavy,256.0,123599.0,4.148315261120839,23.577235772357724,7552,44,81.0,4744.0,123343.0
"Gabaccia, Donna R.",History,book_heavy,257.0,485144.0,4.1469909042843165,0.0,4335,30,60.0,1053.0,484887.0
"Szechtman, Henry",Neurology & Neurosurgery,journal_heavy,258.0,114599.0,4.145974353156805,50.81967213114754,9013,52,,,114341.0
"Isaac, Benjamin H.",Classics,book_heavy,259.0,378140.0,4.145081541363182,1.06951871657754,3754,27,26.0,983.0,377881.0
"Faraone, Christopher Athanasious",Classics,book_heavy,260.0,170833.0,4.144998053064925,0.0,3317,30,,,170573.0
"Jitendra, Asha K.",Education,mixed,261.0,234451.0,4.1416999071006835,5.142857142857142,6469,47,87.0,3594.0,234190.0
"Afifi, Walid Adel",Communication & Media Studies,mixed,262.0,137379.0,4.13543674873081,3.1578947368421053,5530,40,71.0,3738.0,137117.0
"Bocquet-Appel, Jean Pierre",Anthropology,book_heavy,263.0,122671.0,4.13418620555191,9.803921568627452,4487,30,,,122408.0
"Ticktin, Miriam I.",Anthropology,book_heavy,264.0,141429.0,4.132177273280158,0.0,4320,20,,,141165.0
"Bucher, Taina",Communication & Media Studies,mixed,265.0,145069.0,4.130907032328796,0.0,4963,18,14.0,2736.0,144804.0
"Walsh, Steve",Languages & Linguistics,mixed,266.0,163517.0,4.126721164098712,2.419354838709677,4332,26,45.0,2045.0,163251.0
"Haque, M. Shamsul",Political Science & Public Administration,mixed,267.0,125740.0,4.1252635354967335,1.6528925619834711,2794,29,,,125473.0
"Otten, Uwe H.",Neurology & Neurosurgery,journal_heavy,268.0,123467.0,4.122872926061316,47.25274725274725,12011,59,181.0,8206.0,123199.0
"Baccaro, Lucio",Political Science & Public Administration,mixed,269.0,123924.0,4.122053677858345,0.4464285714285714,4934,36,,,123655.0
"Simard, J. Marc",Neurology & Neurosurgery,journal_heavy,270.0,,4.114802382979677,12.844036697247708,15739,70,,,
"Berg, Jonathan S.",Genetics & Heredity,journal_heavy,271.0,172038.0,4.113441418396095,34.25076452599388,32688,61,79.0,21047.0,171767.0
"Merricks, Trenton",Philosophy,book_heavy,272.0,229623.0,4.112269471153268,0.0,3255,23,,,229351.0
"Ansel, Karl Mark",Immunology,journal_heavy,273.0,113505.0,4.110994136753995,23.417721518987346,17880,57,94.0,13604.0,113232.0
"Nyborg, Karine",Economics,mixed,274.0,115739.0,4.109461653477941,12.592592592592592,5397,36,47.0,3720.0,115465.0
"Zahariadis, Nikolaos",Political Science & Public Administration,mixed,275.0,102389.0,4.106474013198075,0.0,3647,29,,,102114.0
"Wolfson, Elliot R.",Religions & Theology,book_heavy,276.0,176575.0,4.106348764189397,0.0,2560,30,,,176299.0
"Xu, Jiongxin",Geography,mixed,277.0,90246.0,4.105427135808177,24.13793103448276,3038,29,106.0,2376.0,89969.0
"Glascock, Michael D.",Archaeology,book_heavy,278.0,93158.0,4.1029449355588765,22.851153039832283,9125,54,,,92880.0
"Cammaerts, Bart",Communication & Media Studies,mixed,279.0,147632.0,4.083457456733259,0.0,3378,28,47.0,1548.0,147353.0
"McPherson, Miller",Sociology,mixed,280.0,88298.0,4.081139279143585,6.666666666666667,21140,10,12.0,15125.0,88018.0
"Koskiniemi, Marjaleena",Neurology & Neurosurgery,journal_heavy,281.0,109550.0,4.078882242735238,20.0,6480,44,144.0,5086.0,109269.0
"Bloomfield, Stewart A.",Neurology & Neurosurgery,journal_heavy,282.0,97047.0,4.078618214057881,5.932203389830509,5425,42,64.0,4164.0,96765.0
"Wertz, Dorothy C.",Genetics & Heredity,journal_heavy,283.0,181264.0,4.078425591149831,7.065217391304348,4148,32,101.0,1641.0,180981.0
"Warren, Mark R.",Education,mixed,284.0,233677.0,4.078265835403761,0.7547169811320755,6462,40,,,233393.0
"Copeland, B. Jack",Philosophy,book_heavy,285.0,187127.0,4.076604578421065,6.61764705882353,2900,31,,,186842.0
"Yabuuchi, Eiko",Microbiology,journal_heavy,286.0,202780.0,4.07635074425158,3.1446540880503147,9560,36,98.0,7332.0,202494.0
"Wagenaar, Hendrik C.",Political Science & Public Administration,mixed,287.0,116869.0,4.075777857434584,4.0,5175,30,68.0,3411.0,116582.0
"Antoniadis, Ignatios",Nuclear & Particle Physics,journal_heavy,288.0,5149.0,4.073185594333282,26.24584717607973,7766,42,398.0,20207.0,4861.0
"Kzhyshkowska, Julia G.",Immunology,journal_heavy,289.0,112523.0,4.067105115340464,23.98373983739837,10673,54,,,112234.0
"Thussu, Daya Kishan",Communication & Media Studies,mixed,290.0,165690.0,4.064186522951445,0.0,3229,22,,,165400.0
"Adas, Michael",History,book_heavy,291.0,254305.0,4.063109628917924,0.0,4340,23,29.0,1216.0,254014.0
"Mood, Carina",Sociology,mixed,292.0,106665.0,4.060487397311931,7.142857142857142,4279,21,,,106373.0
"Odell, George Hamley",Archaeology,book_heavy,293.0,307949.0,4.058348481701418,5.88235294117647,3380,29,33.0,1372.0,307656.0
"Albertsen, Mads",Microbiology,journal_heavy,294.0,194195.0,4.057504547966787,4.761904761904762,18436,57,89.0,11546.0,193901.0
"Hall, Joan Kelly",Languages & Linguistics,mixed,295.0,200741.0,4.053640030586846,3.2,3573,26,39.0,2212.0,200446.0
"Rutherford, Ian C.",Classics,book_heavy,296.0,392289.0,4.05129516641436,0.4065040650406504,2833,29,45.0,685.0,391993.0
"Niederle, Muriel",Economics,mixed,297.0,111562.0,4.050750203464621,6.1946902654867255,8993,36,,,111265.0
"Hansen, David T.",Education,mixed,298.0,237590.0,4.0505634943547815,1.4388489208633095,2799,25,,,237292.0
"Silvanto, Juha",Neurology & Neurosurgery,journal_heavy,299.0,99147.0,4.050065883272597,40.64516129032258,6674,46,,,98848.0
"Cheeseman, Kevin H.",Biochemistry & Molecular Biology,journal_heavy,300.0,128223.0,4.049611468639361,38.82352941176471,10868,33,,,127923.0
"Marth, Gábor T.",Genetics & Heredity,journal_heavy,301.0,174320.0,4.047082979539353,13.661202185792352,131630,53,165.0,88860.0,174019.0
"Desiderio, Stephen V.",Immunology,journal_heavy,302.0,138444.0,4.0463151634883925,43.47826086956522,8234,47,94.0,5442.0,138142.0
"Bloch, Claude",Nuclear & Particle Physics,journal_heavy,303.0,227918.0,4.043247995189497,59.42028985507246,5288,21,,,227615.0
"Cotterrell, Roger B.M.",Law,mixed,304.0,243525.0,4.0402781231302045,0.4784688995215311,3035,25,72.0,939.0,243221.0
"Lanďer, Harry M.",Biochemistry & Molecular Biology,journal_heavy,305.0,113073.0,4.040022341124959,38.297872340425535,5567,24,40.0,4864.0,112768.0
"McLeod, Jack M.",Communication & Media Studies,mixed,306.0,147212.0,4.039378298611862,1.1235955056179776,6051,35,57.0,3943.0,146906.0
"Wenar, Leif",Philosophy,book_heavy,307.0,242357.0,4.038946842584632,0.0,3246,22,34.0,896.0,242050.0
"Vogels, Godfried D.",Microbiology,journal_heavy,308.0,192033.0,4.036524986559334,19.318181818181817,10119,53,246.0,5042.0,191725.0
"Beichner, Robert J.",Education,mixed,309.0,276481.0,4.033764489190146,0.0,5086,29,,,276172.0
"Ruhl, J. B.",Law,mixed,310.0,133328.0,4.0333918630180845,2.8000000000000003,4429,31,89.0,3033.0,133018.0
"Kuusela, Pentti I.",Microbiology,journal_heavy,311.0,195638.0,4.0279946927547305,9.67741935483871,6856,48,131.0,4229.0,195327.0
"Andrews, John H.",Microbiology,journal_heavy,312.0,189795.0,4.026055058805538,6.481481481481481,4058,29,48.0,2000.0,189483.0
"Cox, Timothy C.",Genetics & Heredity,journal_heavy,313.0,143229.0,4.026022313272783,19.230769230769237,9741,56,153.0,6680.0,142916.0
"Hanna, Judith Lynne","Art Practice, History & Theory",book_heavy,314.0,568053.0,4.025636554504049,0.0,2701,27,46.0,417.0,567739.0
"McNeill, Donald",Geography,mixed,315.0,103631.0,4.024885559552554,2.4390243902439024,2429,28,,,103316.0
"Surian, Nicola",Geography,mixed,316.0,96906.0,4.021569209476137,19.411764705882355,6199,37,97.0,5086.0,96590.0
"Mackay, Alex",Archaeology,book_heavy,317.0,256010.0,4.016396227653972,24.875621890547265,11431,53,,,255693.0
"Gemmell, Curtis G.",Microbiology,journal_heavy,318.0,145691.0,4.013224001978124,21.29032258064516,5294,39,139.0,4082.0,145373.0
"Kohl, Philip L.",Archaeology,book_heavy,319.0,302832.0,4.011881006997719,0.7633587786259541,3611,29,37.0,980.0,302513.0
"Maillet, Jean Michel",Nuclear & Particle Physics,journal_heavy,320.0,144950.0,4.011854179796016,25.850340136054424,5298,39,74.0,3539.0,144630.0
"Hilton, David A.",Neurology & Neurosurgery,journal_heavy,321.0,125164.0,4.004375837504374,9.42622950819672,8328,40,121.0,7634.0,124843.0
"Foster, Hal","Art Practice, History & Theory",book_heavy,322.0,565872.0,4.004289139949332,0.0,4020,19,55.0,552.0,565550.0
"Barros, Pedro Pita",Economics,mixed,323.0,131984.0,4.003655416379653,14.106583072100312,4920,31,,,131661.0
"Fenstermacher, Gary D.",Education,mixed,324.0,305403.0,4.001996266527391,1.1904761904761905,3386,21,27.0,1211.0,305079.0
"Marzke, Mary Walpole",Anthropology,book_heavy,325.0,142950.0,4.0014649283591766,29.09090909090909,3595,26,44.0,2459.0,142625.0
"Chalaby, Jean K.",Communication & Media Studies,mixed,326.0,171318.0,4.000284866425426,0.0,2163,26,39.0,1171.0,170992.0
"Clark, Geoffrey A.",Archaeology,book_heavy,327.0,279422.0,3.9982719098897794,4.245283018867925,4226,35,67.0,1228.0,279095.0
"Manter, Daniel K.",Microbiology,journal_heavy,328.0,188716.0,3.9951638700484318,13.571428571428571,9734,45,110.0,7908.0,188388.0
"Strait, David S.",Anthropology,book_heavy,329.0,139453.0,3.994220312638102,17.197452229299362,6109,43,,,139124.0
"Dolenc, Vinko V.",Neurology & Neurosurgery,journal_heavy,330.0,112804.0,3.9932558347044473,8.823529411764707,3058,24,,,112474.0
"Kayagaki, Nobuhiko",Immunology,journal_heavy,331.0,142464.0,3.991425070431082,21.052631578947366,25641,63,104.0,21190.0,142133.0
"Michalopoulos, Argyris S.",Microbiology,journal_heavy,332.0,159181.0,3.990513937969284,9.562841530054644,8234,48,,,158849.0
"Keeley, Lawrence H.",Archaeology,book_heavy,333.0,300013.0,3.988631488351636,14.814814814814811,4453,21,,,299680.0
"Gambrell, Linda B.",Education,mixed,334.0,265522.0,3.9872844913811285,0.0,4119,27,66.0,1387.0,265188.0
"Penders, John",Microbiology,journal_heavy,335.0,195432.0,3.9858307098816357,16.666666666666664,17456,62,,,195097.0
"Cameron, Catherine M.",Archaeology,book_heavy,336.0,311099.0,3.985676651388056,7.258064516129033,2799,29,32.0,896.0,310763.0
"Howard, Marc Morjé",Political Science & Public Administration,mixed,337.0,133365.0,3.982578788635762,0.0,3425,21,21.0,2506.0,133028.0
"Lee, Ju Seong",Languages & Linguistics,mixed,338.0,176369.0,3.9817051855883774,9.523809523809524,2829,30,44.0,1555.0,176031.0
"Weigle, Sara Cushing",Languages & Linguistics,mixed,339.0,201415.0,3.9807150878061024,40.0,3065,22,24.0,1489.0,201076.0
"Theocharis, Yannis",Communication & Media Studies,mixed,340.0,171164.0,3.9788813320548915,1.1111111111111112,4411,28,46.0,2391.0,170824.0
"Quong, Jonathan",Philosophy,book_heavy,341.0,236079.0,3.9788419612197705,0.0,2960,18,30.0,1162.0,235738.0
"Porro, Carlo Adolfo",Neurology & Neurosurgery,journal_heavy,342.0,123606.0,3.978214125502193,31.210191082802545,7833,41,,,123264.0
"Momoi, Takashi",Biochemistry & Molecular Biology,journal_heavy,343.0,125028.0,3.97099353257923,47.77777777777778,8487,47,149.0,6893.0,124685.0
"Fishkin, Shelley Fisher",Literary Studies,book_heavy,344.0,787459.0,3.9666554565369148,0.0,4701,20,,,787115.0
"Medvedev, Andrei E.",Immunology,journal_heavy,345.0,140716.0,3.9662249572200565,17.5,6301,41,59.0,5327.0,140371.0
"Shattock, Michael L.",Education,mixed,346.0,284858.0,3.9658039587211436,1.680672268907563,2227,24,58.0,755.0,284512.0
"Chen, Wenhong",Communication & Media Studies,mixed,347.0,147425.0,3.9651597126826474,8.75,5297,31,72.0,3423.0,147078.0
"Gray, Jonathan","Art Practice, History & Theory",book_heavy,348.0,238383.0,3.9645953568852557,3.669724770642202,3432,28,150.0,1691.0,238035.0
"Tomlins, Christopher L.",History,book_heavy,349.0,292008.0,3.9571445727533288,0.0,2520,26,,,291659.0
"Trachtenberg, Marc",History,book_heavy,350.0,543296.0,3.9564790985094596,2.857142857142857,2292,24,29.0,498.0,542946.0
"Carey, Gregory",Genetics & Heredity,journal_heavy,351.0,182115.0,3.9535995334690046,9.30232558139535,3487,32,51.0,3161.0,181764.0
"Carey, Gregory",Genetics & Heredity,journal_heavy,351.0,182115.0,3.9535995334690046,9.30232558139535,3487,32,51.0,3161.0,181764.0
"Milstien, Sheldon",Biochemistry & Molecular Biology,journal_heavy,353.0,125217.0,3.9498489503769334,29.21348314606741,30718,93,233.0,26984.0,124864.0
"Saba, Julie D.",Biochemistry & Molecular Biology,journal_heavy,354.0,104549.0,3.9476388845815142,33.83458646616541,6885,50,102.0,6037.0,104195.0
"Thomas, David Hurst",Archaeology,book_heavy,355.0,297061.0,3.940766109672484,2.1052631578947367,2912,28,,,296706.0
"Ginsburg, Isaac",Immunology,journal_heavy,356.0,99987.0,3.940484451180932,11.76470588235294,3499,33,,,99631.0
"Sugrue, Thomas J.",History,book_heavy,357.0,210208.0,3.9404013588339137,0.0,3386,21,26.0,2301.0,209851.0
"Jongbloed, Ben W.A.",Education,mixed,358.0,258316.0,3.940105064141898,1.30718954248366,3916,25,,,257958.0
"Smith, Clyde A.",Biochemistry & Molecular Biology,journal_heavy,359.0,124514.0,3.9399022155427796,16.145833333333336,6458,43,107.0,5549.0,124155.0
"Lynch, Sally Ann",Genetics & Heredity,journal_heavy,360.0,175783.0,3.9289170838841305,20.05813953488372,12811,59,237.0,12304.0,175423.0
"Kappelman, John W.",Anthropology,book_heavy,361.0,144925.0,3.922467482661279,16.822429906542055,3433,32,,,144564.0
"Nelson, Caleb",Law,mixed,362.0,298577.0,3.922124315011036,43.4640522875817,9514,44,16.0,870.0,298215.0
"Podnar, Simon",Neurology & Neurosurgery,journal_heavy,363.0,114460.0,3.921818831832289,36.84210526315789,2867,29,,,114097.0
"Dean, John C.S.",Genetics & Heredity,journal_heavy,364.0,183089.0,3.9203157129818154,13.095238095238097,7806,42,92.0,5177.0,182725.0
"Love, Harold",Literary Studies,book_heavy,365.0,733350.0,3.9178927345050996,0.6711409395973155,2585,19,30.0,477.0,732985.0
"Crookall, David",Education,mixed,366.0,297481.0,3.9163232390808798,5.02092050209205,3296,21,128.0,1275.0,297115.0
"Dwyer, Claire",Geography,mixed,367.0,114818.0,3.9106923414159667,3.1578947368421053,3086,25,57.0,2634.0,114451.0
"Sternberg, Meir",Literary Studies,book_heavy,368.0,735721.0,3.9077963159815083,0.0,2772,22,11.0,354.0,735353.0
"Sheppard, Tom D.",Organic Chemistry,journal_heavy,369.0,183974.0,3.9077047167186008,5.421686746987952,5796,37,94.0,3909.0,183605.0
"Goffin, Jan",Neurology & Neurosurgery,journal_heavy,370.0,128411.0,3.9060643286299555,20.955882352941178,7737,48,,,128041.0
"van Doorn, Niels",Communication & Media Studies,mixed,371.0,171391.0,3.9035521943475597,0.0,2662,19,28.0,1585.0,171020.0
"Sekhon, Lali H.S.",Neurology & Neurosurgery,journal_heavy,372.0,127929.0,3.9026920372857496,43.15789473684211,4048,27,69.0,3413.0,127557.0
"Bengtsson, Ragnar",Nuclear & Particle Physics,journal_heavy,373.0,200493.0,3.902629863961538,48.18181818181818,7117,38,,,200120.0
"Tickell, Adam",Geography,mixed,374.0,109892.0,3.9003979676605858,5.154639175257731,4029,30,58.0,6930.0,109518.0
"Westad, Odd Arne",History,book_heavy,375.0,169412.0,3.897629721444443,0.0,2686,20,,,169037.0
"Miller, Donald E.",Religions & Theology,book_heavy,376.0,563382.0,3.897270934963866,1.3574660633484164,2881,29,,,563006.0
"Quinlan, Robert Joseph",Anthropology,book_heavy,377.0,140861.0,3.891209340812939,7.4074074074074066,3306,31,60.0,2736.0,140484.0
"Andrews, N. J.",Microbiology,journal_heavy,378.0,28289.0,3.88773996811161,29.96688741721854,32133,91,,,27911.0
"Prűtz, Walter A.",Biochemistry & Molecular Biology,journal_heavy,379.0,129121.0,3.885761459069744,28.88888888888889,2647,26,,,128742.0
"von Cramon-Taubadel, Noreen",Anthropology,book_heavy,380.0,140458.0,3.8839259142817513,17.647058823529413,3354,33,,,140078.0
"Obrig, Tom G.",Microbiology,journal_heavy,381.0,164331.0,3.881971381105399,31.88405797101449,4609,35,70.0,3621.0,163950.0
"Kayser, Fritz H.",Microbiology,journal_heavy,382.0,201909.0,3.876503018101529,8.80503144654088,4425,36,,,201527.0
"Ladyshewsky, Richard K.",Education,mixed,383.0,286267.0,3.870762161503562,9.210526315789473,2290,26,,,285884.0
"Hulette, Christine Marie",Neurology & Neurosurgery,journal_heavy,384.0,96216.0,3.869778552163616,15.789473684210526,14748,48,157.0,21141.0,95832.0
"Mitchell, Beverly S.",Immunology,journal_heavy,385.0,146276.0,3.8666716102641527,25.0,7836,53,147.0,6975.0,145891.0
"Taves, Ann",Religions & Theology,book_heavy,386.0,205589.0,3.8653138506428237,0.0,2440,21,66.0,1284.0,205203.0
"Sheen, Younghee",Languages & Linguistics,mixed,387.0,209445.0,3.8632106233564825,9.090909090909092,4223,12,21.0,2325.0,209058.0
"Kastelein, Robert A.",Immunology,journal_heavy,388.0,144102.0,3.86168717270603,27.27272727272727,43956,62,134.0,47369.0,143714.0
"Burchardt, Marian",Religions & Theology,book_heavy,389.0,245592.0,3.8582502175134636,0.0,2338,25,88.0,1334.0,245203.0
"Jansonius, Johan N.",Biochemistry & Molecular Biology,journal_heavy,390.0,123810.0,3.8574708491344247,52.702702702702695,5550,40,105.0,6955.0,123420.0
"Willerslev, Rane",Anthropology,book_heavy,391.0,135128.0,3.85719959548011,0.0,3437,22,57.0,2892.0,134737.0
"Griffey, Richard H.",Organic Chemistry,journal_heavy,392.0,216847.0,3.856118766889675,19.576719576719576,9378,46,153.0,8339.0,216455.0
"Poliakoff, Martyn",Organic Chemistry,journal_heavy,393.0,30761.0,3.8559662224892217,14.84375,16723,68,,,30368.0
"Gijbels, David",Education,mixed,394.0,236084.0,3.8521206025794976,6.8807339449541285,7815,36,,,235690.0
"Ghodsee, Kristen R.",History,book_heavy,395.0,309977.0,3.838965384463206,5.128205128205128,1709,22,46.0,763.0,309582.0
"Jansen, Stef",Anthropology,book_heavy,396.0,130219.0,3.838687990509766,0.9345794392523364,1858,22,38.0,1463.0,129823.0
"Smith, Pamela H.","Art Practice, History & Theory",book_heavy,397.0,384527.0,3.8241810907465403,0.78125,2208,21,33.0,646.0,384130.0
"Mohamadpour, Farzaneh",Organic Chemistry,journal_heavy,398.0,183276.0,3.8220287756347964,16.296296296296298,1619,24,,,182878.0
"Allen, Jim",Archaeology,book_heavy,399.0,331628.0,3.821693426454071,1.7699115044247788,2772,26,33.0,1599.0,331229.0
"Zumbansen, Peer C.",Law,mixed,400.0,250175.0,3.8066987836590647,0.0,1833,22,93.0,1034.0,249775.0
"Glock, Sabine",Education,mixed,401.0,233893.0,3.8021044340295758,9.740259740259742,2818,34,,,233492.0
"Dawson, Vaille Maree",Education,mixed,402.0,290432.0,3.801264330251995,0.8620689655172413,2766,25,48.0,1455.0,290030.0
"Patick, Amy K.",Microbiology,journal_heavy,403.0,178275.0,3.800895651051063,29.89690721649485,8894,43,78.0,8128.0,177872.0
"Mazzali, Paolo A.",Astronomy & Astrophysics,journal_heavy,404.0,24629.0,3.8002881979319216,1.0657193605683837,26310,89,,,24225.0
"Boles, Richard G.",Genetics & Heredity,journal_heavy,405.0,161129.0,3.7959215434672924,35.0,6719,42,103.0,6289.0,160724.0
"Millard, Andrew R.",Archaeology,book_heavy,406.0,,3.7921871906990177,17.557251908396946,4237,30,,,
"Constantinou-Deltas, Constantinos D.",Genetics & Heredity,journal_heavy,407.0,132131.0,3.7894248634478127,15.934065934065933,7307,42,,,131724.0
"Husain, V.",Nuclear & Particle Physics,journal_heavy,408.0,149085.0,3.7861956437594153,2.877697841726619,2130,26,117.0,2003.0,148677.0
"Harris, Lois Ruth",Education,mixed,409.0,286348.0,3.784917306676493,8.108108108108109,2738,23,35.0,1532.0,285939.0
"Chen, Yi",Organic Chemistry,journal_heavy,410.0,182243.0,3.7753677280768976,24.20856610800745,21088,68,128.0,2343.0,181833.0
"Senn, Hans Martin",Organic Chemistry,journal_heavy,411.0,220799.0,3.772590574336708,3.79746835443038,6802,30,53.0,4632.0,220388.0
"Bazilevskaya, Galina A.",Nuclear & Particle Physics,journal_heavy,412.0,172193.0,3.7715480376806934,10.778443113772456,9702,40,333.0,9480.0,171781.0
"Sutherland-Smith, Wendy",Education,mixed,413.0,287427.0,3.7698713939214605,3.4482758620689653,1835,23,,,287014.0
"Sanders, David",Political Science & Public Administration,mixed,414.0,125977.0,3.7684363960822505,18.88111888111888,22663,74,91.0,3414.0,125563.0
"Rousseau, Philip",Religions & Theology,book_heavy,415.0,589776.0,3.7680457350555665,0.0,1898,18,25.0,439.0,589361.0
"Dawson, P. A.",Literary Studies,book_heavy,416.0,769464.0,3.7672167521533453,14.285714285714285,5842,27,,,769048.0
"Benard, Gil",Microbiology,journal_heavy,417.0,180790.0,3.765299253815241,21.32701421800948,5151,38,,,180373.0
"Cowan-Jacob, Sandra W.",Biochemistry & Molecular Biology,journal_heavy,418.0,102942.0,3.762689487988913,26.47058823529412,9352,37,67.0,23285.0,102524.0
"Mather, Alexander S.",Geography,mixed,419.0,110813.0,3.7536410774856708,28.78787878787879,2539,15,65.0,3032.0,110394.0
"Zent, Clive S.",Immunology,journal_heavy,420.0,124072.0,3.7509946647444457,49.67532467532468,8847,55,177.0,7854.0,123652.0
"van Nuffelen, Peter",Classics,book_heavy,421.0,336219.0,3.75022190600811,0.0,1663,23,58.0,742.0,335798.0
"Huang, Yuanbiao",Organic Chemistry,journal_heavy,422.0,230493.0,3.744290268418959,13.942307692307692,13681,66,117.0,10077.0,230071.0
"Reiffers, Josy J.",Immunology,journal_heavy,423.0,132168.0,3.742369827466394,26.48809523809524,20745,58,467.0,25112.0,131745.0
"Guo, Zhongwu",Organic Chemistry,journal_heavy,424.0,162769.0,3.741876819124452,18.045112781954884,5393,42,232.0,4899.0,162345.0
"Bru, Edvin",Education,mixed,425.0,239090.0,3.7404679231691453,13.6,4565,41,109.0,3498.0,238665.0
"Nelson, D. Erle",Archaeology,book_heavy,426.0,284219.0,3.7373278220219732,30.851063829787236,6509,38,68.0,3475.0,283793.0
"Saitō, Yuriko","Art Practice, History & Theory",book_heavy,427.0,341401.0,3.736955712712663,0.0,1627,17,,,340974.0
"Linet, Bernard",Nuclear & Particle Physics,journal_heavy,428.0,193651.0,3.73533981630178,6.896551724137931,1746,20,,,193223.0
"Dang, Hongyue",Microbiology,journal_heavy,429.0,190117.0,3.734730427070754,12.22222222222222,5571,39,80.0,4660.0,189688.0
"Turner-Walker, Gordon",Archaeology,book_heavy,430.0,244617.0,3.732615167973359,36.734693877551024,3357,25,,,244187.0
"Noell, George H.",Education,mixed,431.0,271135.0,3.732333946676635,4.081632653061225,4088,31,,,270704.0
"Vanderwal, Christopher D.",Organic Chemistry,journal_heavy,432.0,196522.0,3.725702468576378,2.4390243902439024,4338,39,100.0,3478.0,196090.0
"Chandler, James K.",Literary Studies,book_heavy,433.0,814497.0,3.7223129750548134,3.5294117647058822,2315,18,28.0,249.0,814064.0
"Hetherington, Seth V.",Microbiology,journal_heavy,434.0,206652.0,3.7205855823650125,14.814814814814811,4027,33,68.0,3682.0,206218.0
"Davidson, Mark A.",Geography,mixed,435.0,109478.0,3.7197439941890558,21.50537634408602,4677,39,56.0,2506.0,109043.0
"Yeh, Yu chu",Education,mixed,436.0,234388.0,3.7142672854884142,29.069767441860467,1957,25,54.0,1334.0,233952.0
"Persily, Nathaniel A.",Law,mixed,437.0,285152.0,3.7097087631405112,0.0,2029,22,41.0,1131.0,284715.0
"Conkey, Margaret W.",Archaeology,book_heavy,438.0,297477.0,3.708084938161072,10.416666666666668,2230,19,,,297039.0
"Gremillion, Kristen J.",Archaeology,book_heavy,439.0,310923.0,3.707560324293339,3.79746835443038,2521,24,29.0,1636.0,310484.0
"Matory, J. Lorand",Religions & Theology,book_heavy,440.0,582791.0,3.703480475807945,0.0,1443,17,15.0,583.0,582351.0
"Brumm, Adam",Archaeology,book_heavy,441.0,284376.0,3.7027679024207183,13.043478260869565,4166,27,62.0,2723.0,283935.0
"Hofman, Diego M.",Nuclear & Particle Physics,journal_heavy,442.0,189552.0,3.702030338421964,7.142857142857142,2883,23,,,189110.0
"Talmon, Stefan",Law,mixed,443.0,296057.0,3.7017268353689765,0.7299270072992701,1406,18,24.0,848.0,295614.0
"Nairn, Karen M.",Education,mixed,444.0,281823.0,3.6981646815538123,5.494505494505495,2258,26,,,281379.0
"Bendikov, Michael",Organic Chemistry,journal_heavy,445.0,204617.0,3.697324331221421,2.18978102189781,10150,50,,,204172.0
"Diprose, Rosalyn",Literary Studies,book_heavy,446.0,755664.0,3.692660552743809,1.3333333333333337,1736,16,,,755218.0
"Ewing, Keith D.",Law,mixed,447.0,274421.0,3.6894284207405827,0.3401360544217687,1670,21,128.0,944.0,273974.0
"Brown, Jessica A.",Philosophy,book_heavy,448.0,230002.0,3.6851903605571974,21.62162162162162,2847,30,50.0,979.0,229554.0
"Butler, Virginia L.",Archaeology,book_heavy,449.0,299723.0,3.6851736813662366,17.525773195876287,2315,24,,,299274.0
"Aubert, Maxime",Archaeology,book_heavy,450.0,290267.0,3.6792741657744985,25.68807339449541,4968,34,,,289817.0
"Haferlach, Claudia",Immunology,journal_heavy,451.0,128593.0,3.676238331907223,57.738095238095234,26896,82,411.0,24552.0,128142.0
"Crown, Patricia L.",Archaeology,book_heavy,452.0,325472.0,3.6750654411817534,0.0,1790,22,30.0,937.0,325020.0
"Yee, Ho Ung",Nuclear & Particle Physics,journal_heavy,453.0,192989.0,3.67035641110509,9.482758620689657,4366,36,99.0,4383.0,192536.0
"Roland, Erling",Education,mixed,454.0,273056.0,3.6699429264583987,3.0303030303030303,2028,19,,,272602.0
"Cohen, Peter A.",Education,mixed,455.0,290672.0,3.667973703589334,9.090909090909092,6595,43,22.0,1337.0,290217.0
"Shapiro, Pamela J.",Organic Chemistry,journal_heavy,456.0,230301.0,3.666133986731007,7.746478873239436,3085,29,48.0,2615.0,229845.0
"Ikot, Akpan Ndem",Nuclear & Particle Physics,journal_heavy,457.0,157894.0,3.6630311151983936,7.432432432432432,4138,34,,,157437.0
"Heller, Kevin Jon",Law,mixed,458.0,300832.0,3.6594544889196605,0.0,1449,17,26.0,757.0,300374.0
"Graesser, Michael L.",Nuclear & Particle Physics,journal_heavy,459.0,207337.0,3.6564501452660005,14.864864864864863,3941,30,56.0,3948.0,206878.0
"Friesen, Richard W.",Organic Chemistry,journal_heavy,460.0,194012.0,3.6554979170551793,36.89320388349515,3835,34,,,193552.0
"Klumpp, Douglas A.",Organic Chemistry,journal_heavy,461.0,185413.0,3.6544098178165645,17.08542713567839,3006,29,106.0,2798.0,184952.0
"Radford, Marie Louise",Information & Library Sciences,mixed,462.0,380073.0,3.645798981282207,8.60215053763441,1870,24,,,379611.0
"Althoff, Gerd",History,book_heavy,463.0,507906.0,3.6436702982249987,0.0,1238,19,38.0,442.0,507443.0
"Oz, Yaron",Nuclear & Particle Physics,journal_heavy,464.0,202617.0,3.6418971656094405,18.6046511627907,8940,31,164.0,8259.0,202153.0
"Platt, Verity J.","Art Practice, History & Theory",book_heavy,465.0,534107.0,3.6309879809283983,0.0,1327,17,29.0,398.0,533642.0
"Peel, Jacqueline",Law,mixed,466.0,283384.0,3.6281940158386816,0.7142857142857143,2500,18,62.0,1293.0,282918.0
"Pedram, Pouria",Nuclear & Particle Physics,journal_heavy,467.0,146459.0,3.626888883690488,21.666666666666668,1312,22,67.0,1652.0,145992.0
"Buckley, Hallie R.",Archaeology,book_heavy,468.0,267344.0,3.6257404934395923,15.979381443298967,4570,37,,,266876.0
"Clendinnen, Inga",History,book_heavy,469.0,523698.0,3.622176124019685,0.0,1416,16,,,523229.0
"Eidinow, Esther",Religions & Theology,book_heavy,470.0,543067.0,3.6192747531255067,1.851851851851852,1399,17,62.0,625.0,542597.0
"Horn, Eva",Literary Studies,book_heavy,471.0,801371.0,3.6165851880265727,2.409638554216868,2435,28,23.0,332.0,800900.0
"Dunsby, Peter K.S.",Nuclear & Particle Physics,journal_heavy,472.0,161575.0,3.61338860262575,2.515723270440252,4229,33,,,161103.0
"Gombrich, Ernst H.","Art Practice, History & Theory",book_heavy,473.0,1210493.0,3.605080670122044,0.0,1332,17,21.0,178.0,1210020.0
"Mason, Mark",Education,mixed,474.0,282195.0,3.5970804562010663,5.88235294117647,4081,8,,,281721.0
"Perlmann, Joel",Religions & Theology,book_heavy,475.0,590595.0,3.5958882818120284,0.0,1847,16,17.0,755.0,590120.0
"Possamai, Adam M.",Religions & Theology,book_heavy,476.0,488943.0,3.592919890857719,0.4219409282700421,1466,20,,,488467.0
"Redfern, R. C.",Archaeology,book_heavy,477.0,276402.0,3.587637135066193,15.0,1793,24,59.0,1361.0,275925.0
"Freeman, Jody",Law,mixed,478.0,293246.0,3.5772563523692833,0.0,1338,16,19.0,1400.0,292768.0
"Heerwegh, Dirk",Education,mixed,479.0,285722.0,3.569080919165707,11.25,3932,28,22.0,1137.0,285243.0
"van Dyke, Ruth M.",Archaeology,book_heavy,480.0,322187.0,3.5591817493421756,1.639344262295082,1091,17,,,321707.0
"Mioskowski, Charles",Organic Chemistry,journal_heavy,481.0,220196.0,3.5320064088246097,25.72298325722983,12893,54,392.0,13622.0,219715.0
"Dillon, Elizabeth Maddock",Literary Studies,book_heavy,482.0,804056.0,3.521494617946901,0.0,1115,14,25.0,318.0,803574.0
"Bingham, Adrian",History,book_heavy,483.0,300099.0,3.5039536767729507,0.0,1093,15,38.0,870.0,299616.0
"Oushakine, Serguei Alex",Literary Studies,book_heavy,484.0,217980.0,3.501131785545532,1.4084507042253522,916,15,,,217496.0
"Thompson, Marie",Literary Studies,book_heavy,485.0,798153.0,3.4994065087691975,55.072463768115945,23239,33,21.0,401.0,797668.0
"Brown, Lee B.","Art Practice, History & Theory",book_heavy,486.0,1156688.0,3.492901299926954,0.9803921568627452,1291,15,15.0,209.0,1156202.0
"Royle, Nicholas",Literary Studies,book_heavy,487.0,757445.0,3.4855296073597635,0.0,1323,18,75.0,410.0,756958.0
"Mirti, Piero",Archaeology,book_heavy,488.0,316972.0,3.482785554965898,25.0,1660,26,52.0,1408.0,316484.0
"Grusin, Richard",Literary Studies,book_heavy,489.0,334080.0,3.480607470366073,0.0,1215,14,,,333591.0
"Hollywood, Amy M.",Religions & Theology,book_heavy,490.0,567008.0,3.4763523928488826,0.0,1126,15,,,566518.0
"Rousseau, Gérard",Organic Chemistry,journal_heavy,491.0,223430.0,3.469043795218324,32.95454545454545,1604,25,,,222939.0
"Garrioch, David",History,book_heavy,492.0,516998.0,3.4608635721000844,0.0,902,15,31.0,588.0,516506.0
"Lopatovska, Irene V.",Information & Library Sciences,mixed,493.0,412913.0,3.4599283751453207,4.166666666666666,1427,17,,,412420.0
"Davin, Anna",History,book_heavy,494.0,545088.0,3.45264179861367,0.0,1272,10,,,544594.0
"Armstrong, Philip",Literary Studies,book_heavy,495.0,698233.0,3.4495322467956524,2.9629629629629632,4479,37,,,697738.0
"Flood, Finbarr Barry","Art Practice, History & Theory",book_heavy,496.0,521696.0,3.413887376590927,0.0,960,12,35.0,443.0,521200.0
"Althaus-Reid, Marcella María",Religions & Theology,book_heavy,497.0,578536.0,3.401893673093776,0.0,964,12,30.0,462.0,578039.0
"Althaus-Reid, Marcella María",Religions & Theology,book_heavy,497.0,578536.0,3.401893673093776,0.0,964,12,30.0,462.0,578039.0
"Kramnick, Jonathan Brody",Literary Studies,book_heavy,499.0,740151.0,3.3913452404610287,0.0,787,13,21.0,302.0,739652.0
"Klein, Cecelia F.","Art Practice, History & Theory",book_heavy,500.0,1092895.0,3.3745826816184277,2.0408163265306123,910,15,14.0,196.0,1092395.0
"Siegert, Bernhard",Literary Studies,book_heavy,501.0,718329.0,3.36435117653272,0.0,796,15,21.0,421.0,717828.0
"Bauer, Ralph",Literary Studies,book_heavy,502.0,795283.0,3.3556300660513894,0.0,763,13,,,794781.0
"Ebrahimi, Bashir Mahdi",Electrical & Electronic Engineering,journal_heavy,503.0,514525.0,3.3457809194929737,5.970149253731343,2931,27,,,514022.0
"Schwarz, Leonard D.",History,book_heavy,504.0,,3.285794242230238,0.0,1109,13,,,
"Edele, Mark",History,book_heavy,505.0,514943.0,3.272562893993302,0.0,673,13,,,514438.0
"Jantzen, Grace M.",Religions & Theology,book_heavy,506.0,586262.0,3.27252869829095,0.0,750,10,42.0,362.0,585756.0
"Kirby, Gordon W.",Organic Chemistry,journal_heavy,507.0,228610.0,3.260616624592594,10.344827586206897,1527,22,171.0,2053.0,228103.0
"Pivovarov, Alexei A.",Nuclear & Particle Physics,journal_heavy,508.0,170201.0,3.2568356537035816,18.367346938775512,1570,20,,,169693.0
"Scholz, Trebor","Art Practice, History & Theory",book_heavy,509.0,1134242.0,3.2555077701466715,0.0,1280,7,,,1133733.0
"Bryan-Wilson, Julia","Art Practice, History & Theory",book_heavy,510.0,1196368.0,3.248200029957074,0.0,672,12,42.0,174.0,1195858.0
"Ross, Karen",Communication & Media Studies,mixed,511.0,171885.0,3.2470134916589832,2.564102564102564,3149,26,65.0,1531.0,171374.0
"Kang, Jerry",Law,mixed,512.0,281043.0,3.240081310292244,0.0,1111,16,,,280531.0
"Jenkins, Richard",Sociology,mixed,513.0,114355.0,3.202667254293543,4.301075268817205,5630,27,56.0,2188.0,113842.0
"Rubenstein, Jeffrey L.",Religions & Theology,book_heavy,514.0,578712.0,3.185229705944501,0.0,749,13,19.0,452.0,578198.0
"Wadiwel, Dinesh Joseph",Literary Studies,book_heavy,515.0,703169.0,3.184990007423453,1.36986301369863,619,13,,,702654.0
"Shagan, Ethan Howard",History,book_heavy,516.0,538649.0,3.164439138456259,0.0,546,10,,,538133.0
"Stockwell, A. J.",History,book_heavy,517.0,544287.0,3.0998766589091082,11.594202898550725,3498,22,40.0,364.0,543770.0
"Dotsenko, Vladimir S.",Nuclear & Particle Physics,journal_heavy,518.0,190029.0,2.905466664994056,55.55555555555556,611,9,,,189511.0
"Roxburgh, David J.","Art Practice, History & Theory",book_heavy,519.0,1112087.0,2.7858524029433114,0.0,347,7,,,1111568.0
"Baldwin, Peter C.",History,book_heavy,520.0,556278.0,2.5818368605482203,0.0,186,7,23.0,430.0,555758.0
"Turner, Claire Louise Susan",Genetics & Heredity,journal_heavy,521.0,133132.0,2.5689610078235825,24.390243902439025,1841,21,93.0,6225.0,132611.0
"Rodríguez, Luís Felipe",Astronomy & Astrophysics,journal_heavy,522.0,85067.0,2.561354386812582,23.07692307692308,812,16,,,84545.0
"Hoppe, Walther",Organic Chemistry,journal_heavy,523.0,239532.0,2.549273847714354,4.0,559,8,,,239009.0
"Phillips, Anne L.",Political Science & Public Administration,mixed,524.0,130558.0,2.281213012631327,0.0,319,1,40.0,1884.0,130034.0
"Frend, William H.C.",History,book_heavy,525.0,556063.0,2.086348609997383,0.0,111,2,46.0,379.0,555538.0
"Frend, William H.C.",History,book_heavy,525.0,556063.0,2.086348609997383,0.0,111,2,46.0,379.0,555538.0
"Herring, Scott",Literary Studies,book_heavy,527.0,791365.0,2.061982956219325,14.285714285714285,639,9,,,790838.0
"Owen, Andrew",Microbiology,journal_heavy,528.0,172387.0,1.9852031865732331,1.5151515151515151,186,8,317.0,8877.0,171859.0
"Erlich, Henry A.",Immunology,journal_heavy,529.0,10416.0,1.9427051890037945,50.0,1086,8,467.0,51721.0,9887.0
"HájícĚk, Peter",Nuclear & Particle Physics,journal_heavy,530.0,197391.0,1.8616817657528628,0.0,73,3,90.0,1185.0,196861.0
"Stone, Michael Edward",Religions & Theology,book_heavy,531.0,498268.0,1.5250612419901068,6.25,75,2,79.0,499.0,497737.0
"van Manen, Max J.",Education,mixed,532.0,60826.0,1.4265388328028152,0.0,26,1,,,60294.0
"Mathur, Saloni","Art Practice, History & Theory",book_heavy,533.0,1102535.0,1.373691626990217,20.0,126,4,,,1102002.0
"Graburn, Nelson H.H.",Anthropology,book_heavy,534.0,142954.0,1.1462211114098486,100.0,11,1,,,142420.0
"Bousser, Marchie Germaine",Neurology & Neurosurgery,journal_heavy,535.0,4828.0,1.0148318112321746,0.0,76,1,615.0,60411.0,4293.0
"Roe, Nicholas Hugh",Literary Studies,book_heavy,536.0,769117.0,0.7664590957697718,0.0,3,1,32.0,442.0,768581.0
"Kipnis, Andrew Byron",Anthropology,book_heavy,537.0,155005.0,0.5568305302719199,0.0,4,1,51.0,1632.0,154468.0
"Bannon, Michael John",Neurology & Neurosurgery,journal_heavy,538.0,126854.0,0.526855940826178,0.0,1,1,116.0,4627.0,126316.0
"Goodman, Ryan E.",Law,mixed,539.0,304703.0,0.2524584834340795,0.0,3,1,30.0,1195.0,304164.0
"Chang, Chaio Chen",Information & Library Sciences,mixed,540.0,456934.0,0.0,0.0,0,0,,,456394.0
"Millar, Fergus G.B.",Classics,book_heavy,540.0,93493.0,0.0,0.0,0,0,53.0,1869.0,92953.0
